id,email,name,address
0,cbenjamin@yahoo.com,Joseph Kirby,3594 Fox Ford Apt. 192 West Kristen GA 22838-8977
1,morganlopez@matthews-hickman.com,Erin Figueroa,64763 Li Meadows Apt. 554 New Marcoton MA 99016-6159
2,ypark@russo.biz,Leon Matthews,91144 Hamilton Manors Suite 421 Ronaldland WA 98705
3,lferguson@hotmail.com,Nicole Spencer,798 Hawkins Mountains Lindseybury MH 53952-7424
4,brownanna@gmail.com,Jacob Webb,5388 Whitney Stream Rowlandville AL 35533
5,dillonderek@clark-perkins.com,Suzanne Gill,23334 Christina Villages Scottton NJ 71918-4928
6,robert65@hotmail.com,Nicholas Carpenter,927 Dana Plains East Jonathan UT 45369
7,clarkapril@yahoo.com,Denise Hensley,73048 Morgan Manors Apt. 932 Richardsontown SC 96369
8,sarahball@hines.com,Dr. Michael Smith MD,20591 Nguyen Pass Suite 489 Antoniobury MT 94971
9,gonzalezjanice@hotmail.com,Lisa Ross,4191 Cole Trafficway Apt. 083 Tammyberg NY 02307-6957
10,wwilliams@francis.info,Joseph Smith,USNS Thomas FPO AP 93989-3954
11,angelamiranda@chavez.com,Keith Terry,3511 Wendy Creek Coreyfort MS 13719-8213
12,hrodriguez@bass.com,Scott Hanson,978 William Island Apt. 237 Millerfurt NM 41067-7152
13,carrfelicia@welch-rosales.net,Whitney Carson,273 Tiffany Coves Apt. 858 Sarahchester ID 29732-3385
14,barry28@gmail.com,Rachel Garcia,18597 Day Spur Apt. 860 Petersontown KS 01454
15,perezmarissa@reid.com,Joshua Brown,59734 Sharp Place Tiffanyhaven NJ 22129
16,nelsonrobert@johnson.com,Erin Marshall,9522 Suarez Knoll North Joannaborough MP 80178
17,heatherwilliams@howard.com,Douglas Carpenter,PSC 5495 Box 0161 APO AA 05466-5846
18,julieruiz@thomas.com,Joseph Owen,7140 Holt Junctions Thompsonfurt MT 85914-0452
19,johnsonshawn@gmail.com,Veronica Black,023 April Via Apt. 937 North Michael WA 38863-2544
20,lauren68@rodriguez.com,James Johnston,45539 Thomas Lakes Apt. 467 Paulstad WI 83251-3633
21,gonzaleslisa@hotmail.com,Adrian Hickman,6534 Kenneth Road Suite 603 North Erinburgh ME 70952-5760
22,dawndunn@myers.com,Amy Shepherd,54705 Louis Port South Garyview MP 67639
23,cwhite@yahoo.com,Donna Werner,96963 Daniel Falls Apt. 946 Lake Laura NH 91391-2602
24,ybaker@murray.com,Amanda Reed,27707 Brian Junction Petersonside MD 21536-5590
25,earmstrong@wright.org,Hannah Woods,74509 John Vista Carrchester AL 39260-5889
26,rosealexander@yahoo.com,Dorothy Lawrence,50996 Marsh Turnpike Suite 509 Lake Jennifer FM 93677-2390
27,petersdonald@hotmail.com,Marie Chavez,47136 Teresa Freeway Rachelhaven ND 98662
28,uweeks@gmail.com,Cynthia Hernandez,302 David Trace Apt. 624 Leroyport SD 79514
29,nchambers@munoz-calderon.net,James Andrews,359 Kimberly Gateway Jaredton NH 12064-2033
30,martha15@arias.info,Rose Drake,873 Tony Rapid Garciashire MT 56668
31,ogilmore@gmail.com,Mary Rosario,35049 Calvin Landing North Diane MD 21953
32,jakeyoung@hotmail.com,Scott Brown,26472 Gonzalez Road Suite 455 Kristinafort WY 55353-7548
33,nsmith@hotmail.com,Erica Smith,5419 Smith Gateway Apt. 409 Veronicachester WA 08524-6556
34,olivia62@delacruz.biz,Jacob Kelly,02427 Davis Grove Port Benjaminhaven WY 02639-3356
35,seth74@yahoo.com,Molly Mcdonald DVM,99047 Jon Hills Adamhaven FM 01268-7399
36,jenkinsjames@baird-ortiz.com,Sarah Clark,7696 Estrada Crossing Suite 876 New Travishaven UT 88586
37,colleen98@roberts.com,Katrina Johnson,901 Duran Junctions Apt. 021 Deckerbury UT 11360-4056
38,cmeyer@gmail.com,Isaiah Mendoza,25077 Emily Shoal East Reginachester VI 49376-6602
39,andersonpeter@moyer.com,Pamela Taylor,54884 Johnson Manors Coryshire MT 94479-3262
40,thomas67@rivera-lewis.com,Jessica Jimenez,859 Campbell Street Apt. 697 New Deniseville WV 31417-7785
41,yadams@gmail.com,Cassandra Case,59837 Donald Keys Ericberg AZ 35844
42,orrandrea@hotmail.com,Gregory Green,758 Porter Extensions Apt. 291 Port Christinaside MT 25399-1204
43,tylerlee@hart.info,Natalie Hudson,2387 Lang Circles Jonesside WA 98684-0797
44,ohartman@fisher-mcneil.com,Mr. Donald Johnson,6872 Thompson Square Suite 312 Lake Brianbury OH 93135-8524
45,andrew31@gmail.com,Richard Rowland,583 Hoffman Skyway Apt. 264 Danielchester MH 62559-9852
46,carla17@hotmail.com,Tricia Smith,17319 Johnson Burg Sharonberg SD 29925
47,connorellis@brown-ross.net,Felicia Davidson,8562 Lori Square Suite 501 North Devinmouth AK 54089
48,uchung@yahoo.com,Anthony Hernandez,742 Coleman Lodge Suite 226 Brownfort PA 18523
49,kaylawilson@taylor.com,Rachel Wheeler,21767 Oconnor Lake Shawnhaven IL 11522
50,mchase@yahoo.com,Sarah Nelson,5778 Courtney Flat Suite 793 Barryview OR 16786-0486
51,christina65@gmail.com,Robert Meadows,1157 Watson Radial East Emilyside ND 36665
52,trhodes@hotmail.com,Raymond Morris,2094 Julie Ridge West Brandonton AR 89516-5164
53,jessica06@yahoo.com,Eric Wilcox,64663 Patricia Cliffs Apt. 729 Jenniferburgh CA 77256-3880
54,moorelee@yahoo.com,Jeremiah Potts,37826 Bailey Villages East Lori PW 96067
55,brent44@gmail.com,Brandi Graham,2350 Jackson Path Campbellborough CA 32881-2397
56,stephenmiller@fowler-webster.com,Bradley Mckay,611 Shannon Isle Suite 450 Gardnertown KS 69780-6489
57,marisawest@yahoo.com,Steven Morales,8505 Hall Prairie Apt. 263 South James WV 60463
58,sarah51@cunningham-johnson.net,Mr. Kevin Mitchell,Unit 1418 Box 2480 DPO AA 29818-7116
59,markbowers@hotmail.com,Jesse Acosta,241 Yu Ports Kimberlyside MS 76756-7768
60,gloria06@yahoo.com,Brian Dennis,121 Martin Roads Suite 774 West Mario ME 01087
61,olivia40@hotmail.com,Daniel Henderson,981 Ellen Villages Apt. 714 Jefferyshire AS 20812-0535
62,tammytaylor@reed-thomas.com,Stephanie Peterson,7618 Michelle Mission Apt. 823 West Howardton VT 35851-9100
63,rebeccaperkins@hotmail.com,Sarah Miller,31002 Gabriela Lake Heatherport WI 56257-5227
64,atkinsonjeffrey@frost.net,Donald Sanders,1800 Mcintyre Summit Garzamouth MA 49715
65,karenramos@hotmail.com,Samuel Quinn,8187 Brown Camp South Erica IL 60793
66,esims@wolfe.com,Robert Ray,7009 Rebecca Valleys Raymondland ID 93695-4391
67,dbrown@hotmail.com,Tyler Adkins,PSC 3092 Box 2814 APO AE 14516
68,kanderson@hotmail.com,Dr. Rebecca Hernandez,95603 Lambert Prairie Suite 869 Torresburgh MA 47604
69,john71@brewer-berg.org,Stephanie Watson,551 Gregory Walks Suite 345 New Nicholas FL 75372-7498
70,kevingordon@snyder.com,Mitchell Lawson,259 Howell Drives Suite 035 Milesmouth MA 40386-7285
71,lancethomas@miller.org,Anthony Martin,PSC 3183 Box 2311 APO AE 39251
72,corey45@hotmail.com,Christopher Burke,99414 Odom Forest Stephensburgh VA 60617-9072
73,harveyherbert@collins-gardner.com,Katelyn Bonilla,505 Bradley Path Suite 191 Lorrainetown PW 24947-3185
74,andersonmichael@crawford-rivera.com,Kyle Le,USNS Kane FPO AE 24132
75,marybartlett@gmail.com,Kari King,654 Burns Roads Suite 673 Colonstad CT 77543-2994
76,tcollins@gmail.com,Michele Williams,3735 James Manor Suite 470 Alvaradofort NV 03411-1964
77,johnny19@willis.info,Randall Freeman,046 Gina Skyway Apt. 910 Lake Bethhaven VI 27424
78,nhenderson@yahoo.com,Catherine Cameron,217 Reynolds Curve Shaunberg MS 97407
79,wallrichard@yahoo.com,Amber Johnson,USNV Wood FPO AA 87699-3040
80,george36@yahoo.com,Jeffrey Reynolds,807 Martin Divide Apt. 331 Lake Christineborough VI 32293-3986
81,dianejimenez@hotmail.com,Marc Kemp,88900 Robert Mission Turnerland IA 07258-9788
82,april80@collins.com,Anthony Sharp,80557 Moreno Junctions Suite 297 Lake Aimeeburgh GU 03009-1207
83,carrbarbara@collins.com,Alicia Nelson,722 Kim Extensions Suite 491 South Shanetown AR 70532-6485
84,lisa43@gmail.com,Barbara Orozco,60717 Johnson Haven Port Maryshire SC 51284-2835
85,elizabeth63@hotmail.com,Michael Pitts,714 Bowers Throughway Port Dawn IN 49079
86,mryan@hotmail.com,Howard Butler,Unit 0946 Box 9489 DPO AE 79981-0681
87,bjones@watkins.net,Kenneth Erickson,33524 Zachary Heights Suite 140 Timothyview NC 98365-0851
88,mcdonaldwarren@hotmail.com,Kenneth Holland,800 Sharon Trace Ericfort NH 57835
89,sandrarhodes@hotmail.com,James Alexander,64748 Samuel Prairie Campbellhaven GU 01256
90,rfoster@hotmail.com,Brenda Davis,8252 Joel Manor New Todd VI 96591
91,joneskayla@thomas.com,Joseph Gillespie,40928 Drew Neck Lake Dustin GU 08005
92,donnaparsons@hamilton.net,Wendy Pratt,18119 Phillips Course Apt. 422 Michelleborough DE 62391
93,powellerica@snyder.com,Elizabeth Robertson,29831 Walters Summit Apt. 611 North Cindyton MS 56410
94,william21@adams.com,Courtney Carter,9878 Crystal Trail Greeneview MD 99133-7033
95,jeffreyhart@yahoo.com,Christina Williams,4261 Sarah Plains Apt. 838 North Carolineland GU 38957
96,mauricechung@walker-frey.info,Savannah Henderson,9393 Sean Parks Apt. 148 Port Kevinland TN 35788
97,kaylahayes@walker.com,Jerome Gregory,9891 Diane Centers Suite 901 Samanthatown MT 29419
98,ashleylawson@randall.biz,Jaime Rivera,538 Brian Wells Bushfort KS 59143-0080
99,louis70@lewis-peterson.com,Patricia Brown,443 Taylor Mountain Apt. 186 South Chelsea KY 04055
100,jessicastephens@yahoo.com,Tracey Ferguson,32867 Michelle Square Ericland CO 23830-3443
101,rnorman@white-alexander.biz,Jacob Rogers,448 Peterson Mills Apt. 259 New Misty DC 87632-5388
102,sarah12@yahoo.com,Amy Warren,974 Dillon Glens Suite 308 Lake Davidchester AZ 21690
103,gomezcrystal@gmail.com,Joan Wilkins,6103 Tucker Meadow Apt. 516 West Diane NV 62812
104,erica94@yahoo.com,Michael Smith,759 Megan Hills Suite 655 East Mark VA 35708-8974
105,brownaaron@hotmail.com,Scott Collins,525 Christina Expressway South Tanya OK 70981
106,jessica05@yahoo.com,Kristina Rodriguez,93207 Harris Cliffs Schmidtstad CA 11103-0872
107,browndennis@yahoo.com,Lisa Ponce,23794 Ashley Lakes Lake Carlos IL 64666-3714
108,susankirby@hotmail.com,Ashley Martinez,640 Evans Turnpike Anitachester VA 11762-5509
109,thomasedwards@gutierrez.net,Stephanie Mathews,447 Chavez Well Apt. 512 North Garrett UT 81910
110,stacey65@gmail.com,Michael Torres,58178 Charlotte Causeway Churchport MA 17217-2394
111,valdezevan@yahoo.com,Joseph Howard,398 Mitchell Branch Andersonfurt PR 22934
112,vincentbradley@mcdonald.com,Lisa Welch,06928 George Terrace Suite 744 Fletcherville PW 71911-4171
113,gwebb@gmail.com,Angela Price,1608 Kenneth Ford Suite 045 Floresbury RI 13412-2358
114,amurray@smith.com,Natasha Davis DVM,Unit 7653 Box 1018 DPO AP 19310-3238
115,vjohnston@barr.com,Michael Campos,295 Copeland Drive Port Kathleenchester NH 87594
116,zacharyshepard@sandoval.info,Hannah Hoffman,6952 Price Fall Suite 212 Port Bruce SC 92124-9300
117,elizabethsimon@anthony-montgomery.com,James Larsen,376 Murray Circles Michaelmouth TX 77148-3538
118,wosborne@gmail.com,Jasmine Elliott,240 Brian Curve Apt. 360 Jenniferside FM 21572-5836
119,samuelroach@hotmail.com,Lawrence Price,046 Rodriguez Forest Apt. 534 West Jasonberg AK 78248-0277
120,iarias@yahoo.com,Jessica Thomas,55411 Richard Brooks Suite 608 North Kathryn MD 31499-4985
121,alawson@hernandez.com,Robert Holmes,431 Larry Harbor Lisaburgh MN 51482-0344
122,kurtmelton@jacobs.biz,Cheryl Campbell,02705 Smith Key Garciaview CA 75782
123,stephen54@gmail.com,Melissa Davis,226 David Forks North Richard OK 04489-0289
124,sabrinasullivan@ortega.com,Tracy Robertson DDS,084 Vanessa Drives Apt. 172 South Erinshire FM 10254-4147
125,daniellebrooks@price.com,Jeffery Williams,PSC 2823 Box 1092 APO AP 30055
126,raymond40@hotmail.com,Tim Dixon,2916 Ryan Rue Lawrencechester NY 79966-4564
127,virginia68@jones.biz,Ashley Hall,663 Maria Mews West Karenfurt MT 50726
128,dalegomez@keller.org,Matthew Figueroa,150 Matthew Branch Apt. 754 Port Stephanieberg HI 95702
129,aromero@singh-long.net,William Elliott,8510 Harmon Terrace Suite 887 Port Paulview NE 75444
130,maurice79@gmail.com,Brian Gonzalez,PSC 7067 Box 3422 APO AP 14035-6013
131,alexandra64@yahoo.com,Nicholas Green,00393 Evelyn Views Apt. 922 Port Ericbury IL 65425-7547
132,shelby21@anderson.info,Stacy Glass,3264 Andrew Crest Apt. 413 Antoniofurt HI 34457-8017
133,danielmcdaniel@hotmail.com,Matthew Hoffman,10573 Hoover Dale Roachmouth OR 87098
134,susan96@clark.info,John Lane,056 Kristopher Isle Roweport ID 77882
135,arthuranderson@obrien-reyes.com,Michael Brock,70495 Levy Ridge Apt. 751 Brianstad WI 71957-4361
136,kcarter@hotmail.com,Jordan Peterson,31341 Mason Point Hernandezfurt NH 33266-7354
137,jamiejohnson@yahoo.com,Brian Anderson,9815 Kent Mews Bradton CT 56721-6449
138,lopezdennis@simmons.biz,Curtis Curtis,2281 Alexis Drive Apt. 027 Erikfurt WY 09984-5601
139,rodrigueznicole@gmail.com,Lisa Randolph,53623 Luis Drive Suite 256 West Sonyaton KS 09723
140,williamhorn@yahoo.com,Jennifer Hampton,589 Alan Ranch Suite 265 Youngmouth AZ 77652-1986
141,moorejames@hotmail.com,Paul Sullivan,7620 Brown Pines Apt. 766 North Tamaraview PR 15938-5363
142,michael73@hotmail.com,Timothy Mitchell,85281 Meyer View Suite 943 Jillborough LA 14183
143,masonheather@wade-jones.com,Michael Holder,516 Pena Underpass Suite 462 East Christopher MH 62646
144,deanna68@gmail.com,Nancy Turner,72089 King Knolls Port Ricardoborough AK 75781
145,rebeccayoung@gmail.com,Gary Huang,989 Jackson Junctions Suite 804 Danielbury IL 68875-4951
146,pthomas@irwin.com,Jessica Hill,USNV Murphy FPO AA 19926
147,cferguson@golden.com,Renee Walsh,306 White Plaza Apt. 554 Tammytown AL 01282-9228
148,jason31@gmail.com,Morgan Chase,749 Bennett Ville Suite 895 Careyport AK 22291-3009
149,delgadodavid@butler.com,Haley Mcgee,33811 Stephanie Underpass Suite 711 East Alexander KY 72436
150,nicholsdebra@yahoo.com,Jamie Johnson,53356 Cox Ports North Kevin NJ 93973
151,josephwatson@rowe.biz,Tamara Rosario,07230 Monica Causeway Victoriaside TN 01561-3354
152,corteztrevor@ayala.com,Justin Stanley,675 David Summit Robertland MT 44615-8243
153,sandra19@jackson.biz,Phillip Travis,3037 Roberta Lake Apt. 127 Lisaburgh IA 36155
154,kellywilliam@rice-lopez.info,Tammy Hobbs,8957 Julie Dale Lake Amber VA 31449-4528
155,tlittle@hotmail.com,Christopher Gay,PSC 5704 Box 6093 APO AA 56804
156,sarah81@johnson.biz,Sarah Hernandez,06992 Michael Corners Suite 328 West Heatherburgh HI 21792-5799
157,tracysantiago@wiley.info,Steven Figueroa,1698 Michael Wells Apt. 719 Port Kennethburgh GU 32111-4638
158,nicole40@hotmail.com,Robert Baird,6643 Walker Lakes Apt. 401 Millerstad ND 76046
159,angelahughes@pruitt-schroeder.com,Samuel Morris,631 George Hill Apt. 942 South Bruce IL 70874-7070
160,xwilliams@williams.com,Michael Trujillo,99970 Angela Loaf Suite 557 Tiffanymouth TN 79959
161,vegamark@edwards.com,Jerry Sweeney,860 Lori Overpass Apt. 833 Andreton FL 01101-0209
162,anthony21@smith.com,Andrew Jones,490 Tina Courts Apt. 587 Andrewsville FL 22376
163,danaschroeder@martinez.net,Larry Cain,58208 Cook Bypass West Benjaminfurt OH 25179
164,istokes@cordova-johnson.info,Rebecca Parker,66628 Mitchell Fork New Hannah IN 41560-9941
165,taylorzachary@weaver-lambert.org,Bradley Kerr,891 Linda Shores Apt. 002 West Daniel LA 92532
166,grossbryan@sullivan.info,Scott Cox,62969 Victor Knolls Suite 509 West Tristanchester PR 54123
167,danielevans@leach.info,Janice Moore,45116 Kathryn Greens Suite 898 East Raven IN 57993
168,christopherandrade@yahoo.com,Brianna Simpson,214 Davis Village Apt. 698 New Melissaville PR 06464
169,lconner@ward.com,Joshua Owens,51420 Shannon Motorway Suite 663 North Alexanderview PW 30400-2755
170,james74@hodge.com,Anna Brown,7895 Cline Meadow Cynthiahaven SC 83500-4333
171,christopher39@mccarthy.com,Regina Moyer,287 Aaron Corner Apt. 506 North Hannahland MT 31560-7445
172,michaelcallahan@thomas.info,Lauren Cortez,19002 Gordon Hills Davidton NJ 97367-6737
173,dylan52@yahoo.com,Gerald Robertson,9740 Williamson Circles Tracyfurt OR 20991
174,cfrank@elliott.com,Julie Mcneil,029 Michael Trail Russellfurt FL 75729-6858
175,salaswesley@donovan.org,Charles Johnson,PSC 5850 Box 6205 APO AP 12638-4869
176,kristinemiddleton@fleming.com,Garrett Duarte,25273 Shelley Route Suite 242 Medinabury NC 49328
177,allenrobert@griffith-patel.com,Charles Odonnell,1401 Michael Summit Peterville ID 72410
178,upace@hotmail.com,Jennifer Preston,11893 Phillip Square Zacharystad MI 87824-1857
179,marklong@hayes.info,James Hamilton,627 Brown Terrace Suite 448 South Christine WV 20843
180,csherman@white.com,Douglas Guzman,6474 Michael Roads Port Kevinton ME 58525
181,murrayanthony@hotmail.com,Meagan Huff,346 Martinez Burg Apt. 482 New Adriana MI 36612-6327
182,harveyoscar@lynch.org,Gregory Henry,PSC 7791 Box 8931 APO AE 61686-6624
183,randall14@kent-sandoval.com,Joseph Guerrero,8631 Patrick Glen Apt. 169 East Billymouth MN 43713
184,opeters@hotmail.com,Erika Thomas,3701 Williams Drive Mendezmouth VI 50742-4700
185,christopher64@turner.com,Adam Cole,851 Amanda Crossing Apt. 795 Paulamouth RI 55607-1231
186,joshua39@webb.com,Rebecca Johnson,Unit 9867 Box 2037 DPO AP 24325
187,lparsons@gmail.com,Gregory Beck,134 Kelly Mill Suite 244 North Mark VI 74788-4794
188,davidhernandez@hotmail.com,Daniel Wright,USNS Wiley FPO AP 28811-4792
189,phillipturner@gmail.com,Jose Harrison,348 Monica Common Apt. 834 Lake Cindy GA 32682-9192
190,hannahsummers@melendez.com,Chelsea Freeman,9944 Amanda Valleys Apt. 513 Lake Shawn OR 21138
191,rrussell@hotmail.com,Scott Frye,Unit 6534 Box 4828 DPO AE 24929
192,victoriaknight@graves-mckenzie.org,Samuel Miller,PSC 3244 Box 0609 APO AP 88822
193,dorishood@hotmail.com,Carol Pratt,58457 Ashley Springs Andrewborough CO 48452
194,kanderson@yahoo.com,Austin Saunders,2985 Amanda Camp North Lori KS 53010
195,tonya53@hotmail.com,Michael Walker,USNV Adams FPO AE 33660-7419
196,brittney31@hardy.net,Courtney Vasquez,Unit 5492 Box 4856 DPO AP 65442
197,austin23@hess.com,Kenneth Cooper,PSC 8554 Box 3869 APO AP 66454-6607
198,rodriguezkendra@yahoo.com,Ronald Green,81142 Preston Centers Apt. 008 North Theresa FM 16282-3627
199,stephaniecoleman@hall.com,Chase Cardenas,520 Robertson Ramp Suite 340 Greerborough AL 82230
200,devonrichardson@dyer.biz,Richard Moss,459 Cordova Ports East Johnshire NY 64741
201,laceykim@yahoo.com,Brendan Perez,4698 Rowe Park Apt. 503 Powellville MP 08010
202,santiagoruth@griffith-good.net,Daniel Rose,04696 Mark Junction Apt. 859 South Jeffreystad CO 73320
203,whuerta@santiago.com,Justin Warren,993 Wagner Islands South Vanessaport TN 04383-6103
204,karen71@gray-miller.com,Leslie Garcia,00776 Knox Track Suite 658 Christensenmouth NY 51247-4457
205,anna98@yahoo.com,Jessica Weaver,98922 Richmond Place Coxborough MN 16163
206,bryan17@yahoo.com,Richard Johnson,8736 Williams Expressway Neilport MH 93835
207,rmckay@peck.com,Debra Horn,4543 Joshua Burg Suite 157 Donaldsonfort MI 40501
208,iburns@rios-gibson.com,James Hall,7688 Erickson Forest Apt. 954 Lake Warrenview MN 97265-2083
209,michelle39@meyer.com,Robert Solomon,1315 Daryl Garden Suite 639 Brettville MP 91680-9904
210,corey32@kemp-carter.com,Makayla Schultz,0444 Marsh Parks Kellyport MH 39222
211,clifford03@hotmail.com,Alexander Pierce,2951 Carlos Pike South Mitchell HI 80106-4915
212,salasbrenda@shepard.com,Amber Powell,0324 Martin Meadow Suite 872 Port Stephanie MP 52398
213,harperheather@price.com,Jason Burnett,165 Mann Knolls Suite 274 Brianhaven MD 92355-1336
214,khammond@yahoo.com,Molly Russell,65124 Parker Forges Port Davidfort MN 44007
215,odonnelljames@hotmail.com,Richard Vaughan,655 Reid Junctions North Brenda IN 13605-8361
216,kaylamorgan@hotmail.com,Charlotte Pearson,24271 Patrick Villages Apt. 232 Johnsonborough WI 88802-6031
217,joelmiller@terry.com,Angela Ford,2868 Scott Islands Jeremiahfurt MD 09281-7773
218,david14@hall-powell.info,Randy Hodge,11972 Johnson Terrace North Eric MT 97381
219,thompsonshawn@rodriguez.com,Shannon Myers,USS Bush FPO AP 80416
220,rmorrow@robinson.biz,Alexa Murphy,7831 Javier Overpass Suite 470 Port Alexbury KS 94393-7111
221,millerlaura@gmail.com,Antonio Olson,27669 Davis Ways North Sheila OH 68765
222,susanmccullough@yahoo.com,Samuel Smith,PSC 8662 Box 2120 APO AA 19917-6081
223,jimmy15@yahoo.com,Paul White,8786 Wells Prairie Apt. 746 Higginsland KS 14689-6623
224,florescraig@yahoo.com,Julie Torres,20878 Carey Fall Matthewstad GU 55702-7503
225,cmiller@hotmail.com,Kyle Sandoval,0505 Vega Underpass Terrenceberg LA 49523
226,timothy64@ferguson.biz,Austin Buck,4205 Kimberly Forks North Eric MI 05075-7931
227,bmyers@palmer.info,Deborah Miller,PSC 0342 Box 9378 APO AE 46453
228,corey69@drake.biz,Billy Castillo,42904 Tyler Island Catherineport WY 03765
229,brownkaylee@yahoo.com,Julie Carter,3020 Erin Run Apt. 220 Jeffreyfort MT 87371-5922
230,ygibson@mahoney-martinez.com,Samantha Fuller,2782 Jordan Pines Meganborough AS 25275-2134
231,wwilliams@burns.com,Allison Malone,626 Harris Highway South Mary WA 43953-7035
232,matthewmitchell@george-brewer.com,James Griffith,483 Rodriguez Lakes Apt. 339 Adamville DC 98753
233,juanbarnes@gmail.com,Julie Johnson,81213 Marissa Squares Brendaland NV 62503
234,harrisnicholas@yahoo.com,Mary White,USS Smith FPO AE 39312-8020
235,taylormichael@gmail.com,Cheryl Smith,26987 Bennett Wells Danaland SD 98006-7719
236,tinagarcia@gmail.com,Michael York,9297 Lisa Street Batesfurt IN 99446-8153
237,vmendoza@gmail.com,Dan Brown,6133 Robinson Turnpike North Rebecca CO 62395-9452
238,catherineayala@moore-anderson.com,Patrick Thompson,204 Jerry Ridges Suite 690 Morenobury LA 52790
239,william80@yahoo.com,Tracy Freeman,4108 Eileen Meadows Apt. 367 Port Nicholas VI 61394
240,jjohnston@miller-jennings.com,Kevin Martin,4708 Turner Street Apt. 579 Ericshire IA 37785
241,brian79@yahoo.com,Michael Wilkinson,5995 Perkins Viaduct Port Peter DC 39653
242,ghunt@yahoo.com,Meghan Morris,2369 Brewer Alley Brownhaven HI 81815
243,apugh@gmail.com,Sabrina Hubbard,4548 Lindsey Wells Suite 561 Jamesport WY 66809
244,watsonallison@hart.net,Nathan Ramirez,33250 Waters Stream Woodwardburgh MS 45385-1700
245,nancy99@hotmail.com,Sheila Wheeler,7045 Eric Isle Patrickmouth CO 56109
246,ctate@gmail.com,Hannah Patrick,4606 Murray Ranch Kristinborough AK 00368-2176
247,taylorrobert@gmail.com,Bonnie Conway,338 Yolanda Fields Apt. 717 West Jamesview NC 48104-9430
248,brandismith@marshall-mitchell.com,Anthony Burgess,734 Betty Mall Apt. 710 North Bryan WY 92999
249,hayskristin@gmail.com,Matthew Wolf,074 Kristen Branch East Kylefort RI 05941
250,johnsontravis@gmail.com,Jim Skinner,7927 Garcia Well Lake Alexhaven ME 87251
251,veronicahernandez@yahoo.com,Grant Neal DVM,5992 Alexandra Terrace Josetown FL 20017
252,catherine63@lambert-holt.org,Christopher Rose,519 Carlson Ports Woodfurt ND 29155
253,jennifertate@hotmail.com,Courtney Cline,943 Maldonado Circles Shelleyville AZ 80759-6781
254,stephanieclark@yahoo.com,Jacqueline West,242 Steven Landing Suite 488 Mathewsberg WI 12021-4227
255,robert51@yahoo.com,Laura Simon,99947 William Villages Apt. 517 Theresaton IA 91104-0602
256,kbailey@clark-powell.com,Donna Andrade,70737 Karina Freeway Suite 747 New Danielle VT 94430-5925
257,angelatodd@shaffer.com,Joseph Davis,66635 Davies Meadow West Lisa MA 43877
258,heather63@gmail.com,Linda Skinner,78143 Blake Key Suite 600 East Elizabethville ME 12181
259,ricardo87@douglas.org,Darrell Brown,77445 Cobb Shores West James AZ 39000
260,bakerlindsay@rosales.info,Troy Hammond,PSC 1758 Box 9743 APO AP 19022
261,kristin12@hotmail.com,Anthony Newman,037 Shari Drives Apt. 935 West Elizabeth OK 83162
262,hnguyen@gmail.com,Nancy White,54780 Clarke Wall Suite 950 Stephenshaven NV 40349-8132
263,jamieweiss@yahoo.com,James Kennedy,43577 Jones Mountain Jonesland AS 47369-9296
264,rhaynes@hotmail.com,Valerie Andrews,PSC 1219 Box 0207 APO AE 63841
265,fwerner@gmail.com,Justin Short,460 Aguilar Loop Apt. 554 South Larry OK 65486
266,aliciadeleon@gray-robbins.com,Dominique Golden,675 Sandra Junction North Gina OR 60880
267,christophermills@gmail.com,Jerry Taylor,USNS Cardenas FPO AP 95461-3167
268,edwardsabigail@castillo.org,Judith Rogers,097 Martin Burg Port Tracy AL 90885-8656
269,johnsonlaura@cruz-garcia.biz,Michaela Guerrero,PSC 8047 Box 1111 APO AP 34301-1432
270,robin08@gmail.com,Andrew Garrett,256 Smith Circles Suite 723 Port Elizabethville HI 73387-5390
271,srichards@gmail.com,Evelyn Chen,0458 Charles Trail Suite 826 Brownport MO 04232-8954
272,qbaker@nelson.net,Calvin Ward,72538 Mueller Greens Suite 604 Kendraview MA 68593
273,tanya10@ramirez.net,James Jones,4159 Conway Bypass Apt. 856 Mahoneyfurt HI 09216
274,scottdeborah@hotmail.com,Colin Blake,9927 French Parkways Apt. 672 Andrewside LA 83864-4174
275,adam79@hart.biz,Kimberly Martin,Unit 5588 Box 2275 DPO AE 76333-1456
276,washingtonmichael@ramos-daniel.info,William Johnson,3639 Robert Alley Apt. 396 West Christine PA 76010
277,matthewaguilar@gmail.com,Angelica Thomas,32614 Hammond View Apt. 099 Collierhaven VI 41941
278,reginalarson@brown-blair.info,Sean Williamson,65613 Sellers Valleys Suite 492 Marquezfurt HI 27303-4548
279,angelabrown@lopez-zamora.com,Tiffany Harrington,42437 Cunningham Throughway Byrdchester NC 39250-1258
280,odouglas@hotmail.com,Stephen Rivas,13365 John Summit New Rachel VT 80209
281,adamwatson@norton.biz,Mrs. Stacy Moore,64924 King Crescent Apt. 897 West Dominiquehaven HI 42463
282,catherine17@yahoo.com,David Davis,55871 Autumn Shoal Apt. 045 Port Deannaland WY 23797-9399
283,tinacook@yahoo.com,Jessica Brown,277 Jones Flat Suite 485 Lake Tina ME 64297-3153
284,michaelbrewer@martinez.org,Brittney Lester,5291 Jessica Corner Suite 886 North Jonathan WA 43230-8048
285,andrea14@garcia-gonzalez.com,Anthony Cruz,75035 Sonya Terrace Jonesborough AK 54772-0441
286,tina60@johnson-duarte.biz,Matthew Morrow,11912 Isaac Knoll Suite 825 Hammondmouth MS 86675
287,victoriamclaughlin@lambert.biz,Stacy Grimes,2723 Julia Plaza Apt. 308 Palmerton VI 84923
288,jeff78@robinson.com,Lucas Munoz,05846 Lewis Union North Jesse AR 06278
289,jonathan86@smith-garcia.com,Jason Johnson,4490 David Prairie Jamesfurt WA 12978
290,daniel94@mccarty.com,Jaime Garcia,93012 Lindsey Freeway Apt. 909 Vancefort NE 29905
291,elewis@dixon.com,Denise Davis,85938 Holland Manor Larryside WI 69953-3329
292,rhondawilliams@hotmail.com,Joel Miles,0222 Thompson Viaduct Suite 905 North Katherinestad VA 77781-0431
293,uwhite@myers.com,Robert Ramirez,948 Warner Flat Vegatown KS 52240
294,bchoi@yahoo.com,Jonathon Cruz,242 Henry Flat Apt. 821 Jamesbury IN 87282-3477
295,carrillolee@haley.biz,Katie Mitchell,USS Rodriguez FPO AP 54106-5833
296,padillasteven@hotmail.com,Shannon Garza,315 Melissa Skyway Isaiahland NH 45379
297,xyoung@hotmail.com,Ann Farmer,6070 Jacqueline Ridges Suite 947 New Jason AS 23054-1780
298,poperonald@yahoo.com,Miss Jacqueline Beck,80323 Hoover Summit Suite 082 Angelafort AK 01181-8935
299,luke50@gmail.com,Carolyn Parker,269 Erin Key Terryburgh VT 31019-7765
300,davidrandall@yahoo.com,Rachel Thomas,85172 Vanessa Skyway West Stephenfurt MH 01082
301,smithkevin@yahoo.com,Colton Watts,547 Johnson Cove East Christophermouth NM 26114
302,tammy78@cruz-holmes.com,Douglas Knight,4080 Johnson Meadows Apt. 877 Newmanton TX 42172
303,cindy95@gmail.com,James Vazquez,82325 Christopher Stravenue Apt. 601 West Ashley ME 59118
304,manderson@yahoo.com,Patrick Nelson,724 Potts Underpass Suite 624 Paulstad KY 68387-4791
305,jenniferwilliams@pacheco-gonzalez.info,Sandy Todd,368 Jennifer Ville Matthewview IA 17982
306,rcabrera@rogers-blackwell.com,Nicolas Shaw,2611 Derek Parkways Suite 208 Melissashire CO 26276-0589
307,walterallen@johnson.org,Brian Hughes,6154 Black Plaza Samanthashire SC 23313
308,steven50@allen-cain.com,Brandy Richards,44221 Kelly Terrace Carolynfurt MO 11254-9299
309,mccartyjustin@warren.net,Rhonda Young,Unit 4783 Box 6301 DPO AP 82336
310,michael00@horne-robinson.com,Jason Steele,06535 Anderson Trafficway South Caitlinville OR 97058-7135
311,vincentkenneth@kline.info,Melissa Castro,2463 Holmes Plaza Sherryburgh GU 94952-4083
312,john31@herrera.biz,Jesse Brown,63031 Murillo Spring Apt. 881 Cervantesview IA 40225
313,cruiz@baldwin-brown.biz,Justin Lee,481 Johnson Glens Barnetttown SC 83565
314,millermary@walters.info,Timothy Carter,34314 Doyle Pines Apt. 063 North Allenchester PR 10831
315,navarroashley@jackson-davis.org,Maria James,Unit 2732 Box 3208 DPO AA 51676-5444
316,madisoncombs@gmail.com,Anna Carter,047 Anthony Fort Suite 859 Rachaelview CT 66326
317,kenneth36@hotmail.com,Jason Stephenson,60773 Russell Glen West Robertland OK 11843-1751
318,jstevenson@rivera.net,Ryan Dominguez,80585 Kristen Loaf North Bethburgh ID 37489-0163
319,carpentermelissa@yahoo.com,Jason Walker,66891 Mckinney Wall Morganberg CA 10443
320,barajasgrant@powell-collins.com,Tara Gray,3880 Mccann Manors Lake Garyview OR 81534
321,martinann@hampton-brown.info,Randy Johnson,PSC 8426 Box 6185 APO AE 10489-2966
322,whitesara@yahoo.com,Leslie Wright,116 Patricia Roads Jacksonshire ND 02407-7740
323,gnovak@thompson.net,Evan Collins,0432 Rhodes Forge Apt. 497 South Jasonbury NJ 68989-8272
324,mark12@gmail.com,Candice Anderson,426 Brenda Courts Apt. 910 Port Savannahborough ID 68502-6451
325,elizabeth76@hotmail.com,Joshua Hardin,2345 Brittany Harbors Jasonfort KS 40937
326,wilsondanielle@reyes-owens.biz,Jeremy Burton,2981 Martinez Burg Apt. 791 Sanchezshire WY 66878-3379
327,johnfernandez@yahoo.com,Dana Mitchell,98482 Gibson Center East Samuel MS 59891-0626
328,kaylaquinn@hotmail.com,Justin Owens,085 Schwartz Groves Apt. 026 Andersonborough MO 39121
329,fwhite@bond-santiago.com,Michael Mckinney,40260 Clayton Glen Hendersonfurt MI 98048-6004
330,daviskiara@yahoo.com,Kenneth Owens,619 Jason Land Weberfurt WV 29879-7733
331,hallcrystal@jones.org,Gregory Carlson,7199 Mathew Flat Lake Pammouth AS 98815
332,allison72@yahoo.com,Brandon Roberts,90003 Martinez Mountain Suite 704 Jessicafurt GA 04320
333,debra32@hotmail.com,Barbara Edwards,526 Pitts Lodge East Lauren MO 09369-3779
334,kimpaul@hotmail.com,Colleen Peterson,USCGC Smith FPO AP 17412-0956
335,haydenjackie@williams.com,Paul Clark,81861 Kristen Way Suite 755 Lawsonchester MA 12052
336,vincentwright@hernandez-cruz.com,Jonathan Green,98446 Kendra Islands Suite 143 West Shawn SD 12485
337,matthewwilliams@yahoo.com,Jennifer Jennings,20923 Hardin Knolls South Sabrinaview NE 37076
338,yrichards@lopez-stewart.net,Victoria Hughes,20962 Matthew Underpass Suite 934 West Connie OK 23946-6802
339,ruizdevin@yahoo.com,Kimberly Sweeney MD,59022 Sharon Crossing Apt. 268 South Deniseport SD 19452-8397
340,joshuathomas@gmail.com,James Martin,PSC 0264 Box 7763 APO AP 85170-4926
341,conleyluke@hotmail.com,Sara Fry,17726 Garner Underpass Suite 135 Douglasfort AZ 15532
342,melinda29@gmail.com,Holly Brown,460 Melissa Mountain East Debbie PW 29866
343,rcampbell@hotmail.com,Vanessa Blake,734 Robert Centers North Timothychester TN 65005-3802
344,anthonybrown@jones-mccarty.com,Adam Yates,90982 Ramos Grove Suite 238 New Jamesfurt MN 29660-8076
345,ddunn@cunningham.com,Laurie Rodriguez,USS Smith FPO AA 13503
346,benjamin08@yahoo.com,Nichole Alvarez,980 Matthew Points East Latasha NH 97784
347,lemelissa@simpson-stephenson.com,Morgan Johnson,46525 Dennis Flat Apt. 082 Stonehaven NH 49350-7870
348,wellsjulie@yahoo.com,Penny Martinez,USNS Gates FPO AA 97360-6589
349,stephanie54@scott.info,Tyler Greene,8454 Kendra Way Lawsonmouth VI 50195-4447
350,amandacarter@hotmail.com,Tracy Evans,USNS Whitney FPO AA 43410
351,carrlisa@wood.info,Eugene Nichols,5158 Stark Key Dianamouth LA 83915
352,yjohnson@cohen-wise.com,Jill Wagner,USS Jordan FPO AP 16420-7181
353,robert30@barnes-bradshaw.org,Billy Williams,5299 Gary Cliff Lake Morganville VA 44625
354,ltodd@floyd-reyes.org,Mr. Daniel Lin,6650 Miller Islands Apt. 564 Port Kristiechester MT 89936-3639
355,andrew68@adams-wilson.com,Matthew Gilmore,02006 Robinson Port Carlsonport ME 05921
356,paulduran@gmail.com,Melissa Washington,179 Denise Points Apt. 453 Richardton WI 50669-3616
357,herreragregory@yahoo.com,Ariel Wright,Unit 2299 Box 3171 DPO AP 67117-5806
358,xheath@hotmail.com,Karen Sosa,5316 Williams Estates Apt. 078 Hollyfurt MP 47541-5904
359,rebecca63@gmail.com,Meghan Martinez,9390 Angela Cliffs Christianton TN 09088
360,mcarpenter@yahoo.com,Kyle Ferguson,2119 Nathan Underpass North Garystad ND 07480-7406
361,ozimmerman@yahoo.com,Jordan Hurley,093 Smith Creek New Johnborough PR 88252-3511
362,teresa40@taylor.net,Charlotte Smith,00801 Daniel Drive Suite 995 East Todd IA 03640
363,tanderson@russell.org,Alexis Miller,07346 Acevedo Ville Apt. 169 Pricestad NC 96708
364,larsonvalerie@hansen-evans.org,Jennifer Alexander,5139 Walker Plaza Apt. 960 Thomasview PR 60573-9527
365,sonyalewis@gmail.com,Emily Juarez,03977 George Crescent Apt. 450 Lynnborough NC 15006-9860
366,melissanguyen@west.biz,Destiny Hendricks,20080 Kathryn Way Apt. 021 Stevensonland CA 86206-1680
367,ablair@gmail.com,Derek Bowen,38149 Christopher Landing Suite 031 Ivanshire CA 04620
368,xford@hancock-oneill.com,Leslie Newton,412 Davila Causeway Apt. 087 South Jasmine MO 51850
369,raymonddonna@schwartz.com,Wayne Bennett,80730 Laura Hill Suite 427 Zhangfort MI 98297-4129
370,laurenterry@gmail.com,Amber Ponce,USNV Davis FPO AA 77530-9652
371,nelsoncharles@williams-rodriguez.info,Courtney Smith,00088 Connie Mount Apt. 858 Andrewshire IA 48456-2253
372,lisa15@lester.com,Rebecca Larson,52035 Alison Mews Juanland NM 81799-0095
373,richardsongeorge@barnes-williams.com,Scott Ball,0913 Tammy Court East George PR 01567
374,richardsmith@jones.com,Dan Bennett,9381 Murphy Parkway Apt. 198 Mooretown DE 50009
375,jmoore@gmail.com,Dwayne Contreras,55874 Ethan Bypass Lake Kyle DC 54921
376,glenntami@gmail.com,Nicholas Solis,33356 Brandon Gateway Suite 854 Jeffreyton NC 34457-2178
377,pcrawford@gmail.com,Denise Stokes,40776 Mckay Harbors Suite 508 North Yvonneberg WY 24483
378,wmiller@walker.info,Maria Price,5213 Nancy Track Suite 293 South Michaelmouth OK 44653-4304
379,caitlin12@hotmail.com,Jim Smith,096 Cynthia Club East Felicia PR 33615
380,omills@hotmail.com,Anthony Jacobs,769 Kevin Port Apt. 983 East Christopher VT 07347
381,anitamartinez@jordan.com,Glen Murphy,7104 Elizabeth Coves Apt. 185 Port Kathleen GA 05014-2206
382,kpalmer@glover.info,Andrew Glover,5043 Gonzalez Light New Candace WI 57987-3816
383,susan23@hotmail.com,Bryan Edwards,110 Tyler Junction East Tim AK 18426-9628
384,jasonchaney@gmail.com,Bianca Norris,162 Hogan Islands Apt. 843 South Colton NY 63936-8637
385,ebarajas@hernandez.net,Cynthia Spencer,07816 Rebecca Glens Apt. 106 Ashleychester OK 85337-8715
386,franciscojohnson@kelly-buckley.com,Jennifer Gross,748 Hunter Green East Elizabeth WV 87129
387,matthew10@martinez.info,Austin Miller,88131 Johnson Crescent Suite 253 Jameshaven ND 03919-0437
388,pharris@yahoo.com,Terry Vargas,064 Scott Motorway Apt. 282 Port Scottfort NJ 59412-5945
389,greeves@gmail.com,Holly Lee,54267 Michael Vista Apt. 107 Lake Jillian ND 01005-6350
390,wongmaria@green-johnson.com,Ethan Mack,95070 George Circles Morseburgh GU 06680-3653
391,erica89@sharp.com,Donna Williams,2099 Kelsey Dam Suite 111 Murrayburgh NH 48002-4353
392,greenemichael@hotmail.com,Kelly Collins,85091 Leon Mission Careymouth VI 58707-7854
393,ajoseph@johnson.com,Melvin Estrada,34003 Sanders Camp South Jamesbury AK 40051-5675
394,jessica39@gmail.com,Joshua Boyer,66371 Carter Estate Andreaview RI 82724-4589
395,ebarnes@hotmail.com,Amy Dean,5145 Jill Tunnel East Derek PW 49720-6378
396,lbuchanan@hotmail.com,Joe Taylor,252 Ward Canyon Davidborough KS 97870
397,sandrageorge@quinn.biz,Michael Ayers,99111 Kenneth Port Apt. 408 Patelshire ME 13249
398,pearsonmichael@gmail.com,Christopher Browning,0342 David Port Apt. 256 South Jacobstad MH 13391
399,keithlewis@hotmail.com,Keith Small,59113 Ronald Knoll Apt. 215 Garyfurt AZ 02306-5878
400,heatherprice@hotmail.com,Scott Horne,919 Eric Creek Ramseyfort AK 86667-3752
401,acook@diaz.info,Tony Pearson,0935 Wheeler Stream Watersville WV 57452-6057
402,anthonyelizabeth@zhang.biz,Javier Davis,03358 Richardson Station Rhondahaven DC 42140-0494
403,alan52@burns.info,Debra Aguilar,9926 Tina Summit Apt. 658 Julieburgh ME 48865-9073
404,bphillips@yahoo.com,Dawn Nelson,555 Zamora Summit Suite 939 Sandyhaven TN 49915
405,katherineduran@hotmail.com,Jennifer Holmes,2886 Simmons Glen Austinburgh RI 89146
406,wmorrison@yahoo.com,Jon Bennett,90816 Carl Expressway Lake Barry OR 87828-5830
407,michael36@hotmail.com,Steven Smith,920 Jennifer Islands Alisontown KY 19341
408,mgonzalez@hotmail.com,Nicholas Chavez,410 Cynthia Isle Port Kevinfort MP 74191
409,udavidson@peters.net,Beth Nguyen,82803 Collins Ville Barnettport FM 24319
410,gdiaz@gmail.com,Robert Roberts,785 Obrien Hill Apt. 878 Blairville ME 15359-9392
411,matthew00@hotmail.com,Angela Salazar,4577 Carlson Parks Apt. 772 Moorechester RI 01367
412,jtaylor@hotmail.com,Shelly Lee,76067 Gabriel Fall Apt. 021 New Brittanyshire DE 12655
413,bhunt@yahoo.com,Jeffrey Walter,80688 Samantha Pine Suite 089 West Emilymouth MN 01340
414,devingonzalez@hotmail.com,Phillip Grant,4271 Lozano Hollow Apt. 197 Deborahchester PW 55355-3185
415,jamesjordan@yahoo.com,Frederick Avila,300 Franco Plaza East Robert UT 04071-5368
416,mark27@sandoval-wright.net,Cheyenne Jackson,6447 Kim Skyway Apt. 857 Amyfort ME 32259
417,rking@yahoo.com,Alicia Lee,470 Humphrey Ports New Emilyville HI 58991-2210
418,daniel49@cohen.com,Jennifer Griffin,PSC 4964 Box 0784 APO AE 94720
419,matthew80@hotmail.com,Veronica Robinson,642 Rangel Harbor West Carolineburgh NJ 73774-2784
420,ywhite@yahoo.com,Ethan Clark,361 Hannah Drive Suite 242 North Stephanie NJ 21564
421,heatherlin@hotmail.com,Crystal Bell,9059 Berry Village West Ashlee NH 64057
422,tranbrooke@hotmail.com,Stanley Miller,47787 Bridget Turnpike Lake Tyler NM 20043
423,qkelly@chavez.org,Karen Rodriguez,76962 Juan Radial New Cassandra UT 27188-8769
424,david40@gmail.com,Natasha White,3824 Christine Field East Tylerland NH 54826
425,hhale@baker.biz,Christopher Fitzpatrick DVM,9925 Benjamin Cliff Apt. 566 West Matthewberg IA 32769
426,karenpatel@hotmail.com,Michael Howard,Unit 1543 Box 3907 DPO AA 57394-7525
427,ogonzalez@galvan.com,Sherri Pena,718 Jones Plain Apt. 604 Lake Gloriamouth TN 62880
428,hokellie@hotmail.com,Samuel Nguyen,91106 Gabriela Creek West Jacobton NH 94166
429,shall@rodriguez.info,Christopher Martin,7362 Michael Throughway Barberport SC 68178
430,kelly23@gmail.com,Rebecca Walker,4457 Daniel Orchard Apt. 537 Duranbury TN 58343
431,mortega@burnett.com,Tamara Harris,417 Collins Causeway Suite 098 Davidport FM 24389-6633
432,allenrobert@hotmail.com,Paul Dickerson,424 Veronica Shore South Jonathanport IL 69007
433,kyle84@hotmail.com,Denise Hernandez,53210 Flores Lights Katrinashire NY 93893-5963
434,joshua38@miller.com,Timothy Hopkins,4550 Madison Mountains North Tracy FL 26996
435,sjohnson@yahoo.com,Jacob Smith,5012 Lopez Prairie South Colleenstad WV 51282
436,rlopez@quinn-perez.org,Duane Robbins,427 Flores Shoal Port Jessicaside NV 76348
437,stephanie20@marshall.info,Dr. Sara Boyd,9499 Hays Court Toddbury TX 82226-1794
438,angelatucker@yahoo.com,Stephanie Johnson,5190 Jacqueline Underpass Lake Susanmouth ND 62341-6290
439,ereeves@gmail.com,Stephanie Hester,001 Armstrong Pines Barnettland MD 89608-9555
440,pbush@cohen.com,Kelly Combs,PSC 3884 Box 6305 APO AP 39969-4451
441,baileyjesus@skinner.com,Mitchell Reyes,0388 Cunningham Motorway South Adamfurt MT 78289
442,lrich@burns.com,Cynthia Newman,419 Shepherd Way Shafferchester MP 48029
443,lindsey11@gmail.com,Bobby Hopkins,686 Cohen Tunnel Apt. 971 North Christian OH 09443-6167
444,fsolis@gross.com,Meghan Clark,73366 Christine Roads Smallland CA 27508
445,monicaibarra@gmail.com,Ray Jackson,70472 Simon Wells Suite 455 Sanchezhaven LA 79469-7536
446,michael56@solomon-carr.com,Leslie Scott,9123 Alexandra Freeway Apt. 738 Bowenbury DC 46757-9251
447,adamsmelissa@gmail.com,Kristina Morgan,484 Hunter Flat Apt. 722 West Eddie LA 60435
448,vmorales@gmail.com,Stephanie Knapp,2131 Kimberly Estate Apt. 108 Port Garyfort PA 38048-6704
449,daniel92@parrish-mendez.com,Joshua Harris,759 Brian Mountains Robertfort AZ 74738-0711
450,hunterannette@adams.com,David Dean,93919 Cervantes Trail Suite 096 Cassidyburgh WV 24726
451,joneslaura@yahoo.com,Christopher Cline,998 Mark Vista Griffinborough WV 24881-6120
452,garciaphilip@yahoo.com,Amber Dickerson,828 Gutierrez Shoal Apt. 958 Port Hannahmouth MD 27886-2649
453,justin13@lee.info,Luis Kidd,545 Philip Mill Stoneton SC 80820
454,westnicole@wallace-hurst.info,John Garcia,0692 April Trail Ortegaton TX 12179
455,gmiller@yahoo.com,Amy Kent,63988 Mitchell Ports Apt. 424 New Lisa NE 31138
456,patrickrodriguez@yahoo.com,Ashley Hood,22367 Vanessa Ridge South Kelly VT 75993
457,lindajohnson@adkins.com,Jordan Hardy,37962 Williams Motorway Apt. 303 Lake Tommychester LA 98095
458,richard31@yahoo.com,David Berry,496 Brent Island Gregorystad AZ 99326-3998
459,brenda62@gmail.com,Chase Odonnell,47858 Daniel Greens West Victor WV 80275
460,rbartlett@hughes.com,Natalie Poole,34488 Amanda Fields West Joshuahaven CO 14635-8572
461,nle@baker.com,Andrew Shelton,768 Smith Harbor New Collin CA 60691-4957
462,cwilliams@stafford-smith.biz,Mr. Joshua Shannon,5273 Blair Camp Suite 456 Lauraberg WA 61620
463,leahcharles@yahoo.com,Timothy Newman,40494 King Rue Cummingsborough NH 98211-6690
464,holmesbarry@pittman.com,Matthew Campbell,Unit 8600 Box 6677 DPO AP 67418-8210
465,smithzachary@white-page.biz,Matthew Richardson,78607 Joseph Land New Sandra VI 34199-5496
466,boyddaniel@wheeler.com,Michele Mckay,8380 Mcclure Hill Suite 730 South Brian AK 63046
467,chavezrobert@hotmail.com,Christine Hart DDS,66322 Connie Mill Gabriellaborough PR 20960-3330
468,bautistajennifer@hotmail.com,Mr. Ronald Lynn Jr.,15445 Quinn Squares Woodardport DC 85895
469,denise49@smith.info,Debra Jefferson,68771 Selena Lights East Gary HI 69646-0366
470,kimberly84@hotmail.com,Amanda Taylor,17665 Marie Viaduct New Lisachester AK 23401-9361
471,garciajeffrey@atkinson-floyd.biz,Erin Tyler,568 Gomez Spurs North Mary OH 34517-5478
472,danielhernandez@price-morris.org,Gregory Morris,06725 Mcconnell Estate Silvastad ND 31278-5962
473,kendra78@velazquez.biz,Ashley George,USNV Hayes FPO AE 21299
474,bchurch@peck.info,Kristy Ball,9077 Timothy Mountains Suite 935 Harveyshire OR 82933
475,williamsonkerry@brady-roberts.com,Robert Porter,88937 Robert Canyon Clarkchester OH 35556-9325
476,mdavis@gmail.com,Taylor Adams,PSC 9081 Box 7230 APO AP 02847
477,kimberly64@gmail.com,Mary Hill,3368 Branch Forge West Jacob LA 53343
478,dyerjames@gibson.org,Ronald Anderson,USNV Stevens FPO AP 17069-0599
479,garcialisa@gmail.com,Leah Ingram,38014 Amy Tunnel Davisberg NJ 15348
480,millssteven@yahoo.com,Anna Davis,98048 Timothy Drives Suite 153 East Catherineburgh WA 95342
481,twallace@hotmail.com,John Allen,68631 Steven Springs Apt. 876 Mayertown NH 16124-8597
482,alexcompton@hotmail.com,Jerry Bishop,562 Stefanie Spurs Apt. 057 Hicksberg HI 59860
483,griffinjeffrey@yahoo.com,Mary Noble,29111 Estrada Junction New Jeremy IA 19175
484,katherine85@nelson-morrison.info,Collin Collins,PSC 5881 Box 4846 APO AP 83783-6701
485,scott14@leon-smith.biz,Steven Dennis,60819 Wanda Creek Lake Wendy AZ 97435-7333
486,christian39@yahoo.com,Jeffrey Moore,Unit 0563 Box 4752 DPO AP 65455-7547
487,floresallison@hotmail.com,Jose Johnson,433 Sara Oval Suite 478 Eddieborough ID 58707
488,jennifer39@pena.com,Tammy Miller,0761 King Center Suite 013 South Austin VT 57977-3859
489,smcdowell@yahoo.com,Betty Elliott,792 Gonzales Road Thomasburgh RI 15101
490,justinheath@yahoo.com,Paula Lucas,PSC 2445 Box 6477 APO AP 71431-0825
491,sandra01@gmail.com,Chelsea House,7738 Gallegos Burgs Robinsonmouth WI 09298
492,erichamilton@hotmail.com,Joe Jackson,789 Lewis Overpass Jenniferbury MD 61785-0477
493,phuff@gmail.com,Anthony Martinez,76010 Walter Lake Apt. 275 Mariamouth AR 80952-2584
494,bgarcia@gmail.com,Jeremiah Huynh,9395 Vernon Fall Suite 254 South Dianafort OK 31253
495,brenda55@hahn.net,Brittany Butler,27378 Donna Branch Suite 054 Lisaland AR 47148-4158
496,abeck@yahoo.com,Lauren Garcia,946 Christine Club Suite 181 Braunview CA 64509
497,victor09@torres-barnett.org,Ryan Mays,645 Eric Rapids Rodriguezport NJ 53693
498,thawkins@yahoo.com,Mr. Vernon Leon,14293 Alexis Via Apt. 016 Lake Christinachester VA 21833-4770
499,dianenelson@yahoo.com,Peter Salinas,48559 Jared Mountains Samanthamouth UT 40187
500,zlee@lewis-chung.com,David Foster,5775 Turner Lodge Williamsland FM 95807
501,pdavis@wilkinson-torres.com,Dorothy Lopez,95834 Wells Islands Apt. 237 Amberfort SD 09209
502,lisarosales@moreno-richardson.com,James Gilmore,56080 Martinez Green South Nicoleland OR 74210
503,lmullen@flores.com,Pedro Kelly,0593 Rice Plain Georgemouth FL 75398
504,raymond01@olson-edwards.com,Amy Campbell,284 Pugh Brooks Apt. 394 Port Thomas OK 37830-2997
505,christinataylor@peterson-flowers.com,Cheryl Austin,131 Christine Road Apt. 326 North Johnchester MI 71711
506,kgrimes@reynolds.com,Courtney Pham,491 Dennis Ville North Thomasland DE 32285-9954
507,christina36@martinez-burns.biz,John Butler,38722 Brooks Turnpike Sarahmouth AK 26864-8029
508,sarahjordan@cruz.net,Kimberly Burgess,Unit 8457 Box 3444 DPO AA 07060-7841
509,uanderson@yahoo.com,Michael Garcia DVM,847 Mora Lock Port Aaronberg SC 85271-8431
510,shepherdmichelle@vazquez-thomas.biz,Peter Cardenas,936 Jacobson Rest West Alanbury HI 06490
511,douglas93@gmail.com,Erin Douglas,0193 Alicia Ridges Suite 610 Alexiston WV 29163-8425
512,shawnferguson@martinez-lopez.com,Rachel Dean,10017 Morgan Glens Suite 712 South Christopherville LA 26319
513,joe15@richard-chambers.com,Todd Austin,3340 Steven Gardens Martinbury NJ 72785-7902
514,ymckay@yahoo.com,Jennifer Blackwell,684 Natasha Lodge Apt. 280 Tracytown CT 24168-2573
515,jacob80@anderson.com,Rachel Gross,8482 Powell Forks Suite 262 North Valerie RI 78237-8398
516,bridgesbrenda@hotmail.com,Charles Graham,75493 Ramirez Mission Suite 784 Charlesside DC 71672
517,andradekristen@yahoo.com,Nathaniel Young,4174 Jason Ford Apt. 205 West Barbarabury NH 65676
518,francokim@gmail.com,Kristina Johnson,4728 Lopez Views Suite 107 East Douglasmouth PW 14725-2984
519,markdiaz@yahoo.com,Steven George,664 Erica Stream Apt. 697 Wallacetown TX 29160
520,brittanyberger@wilson.com,Charles Bates,PSC 5835 Box 8470 APO AP 00563-0295
521,mclark@golden.com,Anthony Rivera,15727 Hess Forge Suite 434 Patrickville OR 86403-7382
522,harrisamy@gmail.com,Christopher Mason,99037 Flores Path Lauriestad MP 01438
523,tiffanystewart@yahoo.com,Shannon Johnson,87205 Brittany Walks Suite 523 Beckyfort NM 27253-1644
524,williamschristopher@gmail.com,Ashley Carter,452 Larson View Suite 078 Port Kevinville FL 01016-9797
525,michael34@hotmail.com,Michele Gray,575 Gutierrez Extensions Meltonberg HI 56806-9456
526,james16@yahoo.com,David Howell,0309 Joyce Manor East Tylerfurt NC 61808-9444
527,william14@yahoo.com,Brent Martinez,2728 Tamara Divide Lake Mason MS 52778-4353
528,rwarner@dodson.net,Joseph Decker Jr.,06127 Gross Island Port Richardhaven DE 13257-2127
529,chandlergina@hotmail.com,Anthony Murphy,436 Perkins Via West Luis CO 04864
530,baileyaustin@hotmail.com,Nicholas Thompson,04411 Morales Bridge Kennethview AK 29017-3135
531,tamaralamb@hotmail.com,Jennifer Bolton,3459 Mary Stream Munozview NM 13667-0284
532,wgilbert@gmail.com,Jorge Valdez,7424 Brooke Inlet West Cindyport IL 65819
533,tsmith@yahoo.com,Crystal Mcdonald,PSC 8577 Box 9228 APO AA 78475
534,cmccormick@meyers.com,Dawn Garcia,4027 Dennis Wells North Theresa NH 62168
535,mhammond@hotmail.com,Daniel Harris,78844 Shannon Hills East Jessica SC 10060
536,john69@yahoo.com,Suzanne Thomas,91999 Mendez Village Armstrongfurt VI 17402-6668
537,dennismichelle@gmail.com,Jamie Rivas,USNV Perez FPO AP 78213-3428
538,rachelgoodwin@trujillo.com,John Kim,63880 Courtney Oval Michelleburgh GU 68805
539,melanie04@richards-sullivan.biz,Jason Anderson,29463 Lewis Courts Hayesfort IL 22716-1486
540,gordonjose@lindsey.com,Randy Chapman,PSC 6980 Box 6966 APO AA 52685-2927
541,sheri31@yahoo.com,Grace Melendez,33779 Flores Manors Barrettmouth PW 09764
542,gary10@yahoo.com,David Davis,343 Davis Mission Suite 299 Kevinfort VA 21772
543,david21@brown.com,Tina Martinez,976 Joyce Station Apt. 569 Williamsonville WV 35506
544,schultzdaniel@washington-moran.com,Holly Cherry,570 Dan Pass Suite 528 Johnsonside MS 84963
545,adrienneknapp@yahoo.com,Danielle Lewis,815 Pugh Forge West Jerry IL 05349-6198
546,erik82@garcia.com,Sabrina Walker,661 Mata Valley Apt. 947 North Teresa DE 56579
547,theresaguerra@watson-michael.com,Carlos Bishop,34551 Tammy Land Tylershire MI 34564-2861
548,nataliemcdowell@gmail.com,Jennifer Peters,12131 Shelby Mission West Dawn VI 08552
549,martinalison@yahoo.com,Matthew Lawrence,0345 Miller Heights Ginaton OR 07639
550,leslieespinoza@yahoo.com,Benjamin Curtis,4765 French Ville West Christopher WY 87307-7382
551,johnsaunders@carter.net,Hannah Gonzalez,13410 Pierce Courts South Tracyfurt MA 09289-4044
552,nschwartz@gmail.com,Sonia Hill,0730 Julie Extension Dustinberg ID 12789-2533
553,sheltonjonathan@yahoo.com,April Webb,75970 Bill Pike Kochfort GA 62520-2349
554,gibsoncathy@nelson-tyler.com,Amy Reeves,35681 Martha Mountains New Anne MS 11256-1409
555,scottwilliam@smith.com,William Willis,20718 Armstrong Port Apt. 603 North Kurt HI 18593
556,beckermegan@gmail.com,Beth Gould,PSC 7981 Box 2932 APO AP 52577-0801
557,ncooke@rodriguez.com,Ashley Jones,Unit 4485 Box 5755 DPO AP 72285
558,lisafrank@hotmail.com,Jennifer Reed,115 Phillips Summit Shermanhaven PA 83263-8809
559,hpadilla@adams.com,Vincent Hendrix,880 Joseph Corners South Brittany LA 30767
560,thomasandrew@gmail.com,Mark Flynn,30527 Summers Harbor Suite 799 Amyborough WV 12921
561,scott81@yahoo.com,Veronica Evans,33495 Gomez Plaza Lake Joyton GA 02173-0986
562,lorettayoung@thomas-baker.com,Thomas Cobb,2779 Martin Garden North Zacharystad PW 23769-1007
563,brittany85@roberts.com,David Burton,PSC 4399 Box 7437 APO AP 39237-0260
564,coxclayton@smith.com,James Jordan,79585 Shannon Route Suite 212 Mauriceborough NE 79158-5490
565,kevin83@marshall-evans.com,Edward Elliott,19574 Grant Trail East Markview DE 61167-8844
566,lopezthomas@yahoo.com,Ariel Martin,454 Payne Tunnel Suite 816 West Christine NC 85904-4621
567,wellsdavid@dominguez.com,Dana Hines,PSC 7045 Box 4023 APO AA 96421
568,monicathompson@turner-richards.info,Casey Larsen Jr.,07914 Heidi Dale Apt. 578 West Roy TX 63123-1418
569,hendersontracy@yahoo.com,Kristin Palmer,6153 Olsen Mountains South Colleenberg MN 70714-6097
570,daniel91@bond.com,Kathleen Hernandez,PSC 8890 Box 9873 APO AE 63154
571,kellymelissa@hotmail.com,Alexander Patterson,1056 Laura Loop Apt. 166 South Michelleborough ME 92082-8457
572,glawson@hotmail.com,Dylan Moore,4739 Jason Village Suite 345 Jesusberg ND 85170
573,clarkmichael@hotmail.com,Mary Jackson,2248 Luke Street Suite 899 Langton ME 49617-8267
574,vanessablack@hotmail.com,James Grant,399 Klein Station Apt. 600 Hayestown MP 32750
575,westkim@huff.com,Joshua Petersen,054 Daniel Walks Mccannberg NV 76869
576,fhutchinson@yahoo.com,Henry Hays,2352 Alison Canyon Acevedoside NV 78841-8544
577,ronald20@yahoo.com,Allison Smith,73591 Samantha Divide Jimmymouth NY 40789
578,maryrios@smith.info,Michael Smith,83394 Steven Skyway Lake Kylechester FL 34148
579,gregory91@yahoo.com,Michael Stevens,0541 Eaton Grove Apt. 678 Navarroborough TX 48338
580,ramirezkatherine@dickerson.com,Robert Wong,24641 William Light Timothyfort WA 68071
581,joneszachary@hotmail.com,Daniel Robinson,965 James Center Johnsonfurt WV 00995-8898
582,ukelley@yahoo.com,Brenda Jones,63140 Bush Street Suite 682 Wyattside MP 51056-7650
583,nwalker@perez.info,Joel Williams,0173 Bates Knolls New April VI 35015
584,jenniferhanna@gmail.com,Renee Collins,08202 Meyer Well Bridgesburgh LA 31975
585,asteele@evans.org,Barbara Vaughn,2577 Brown Meadow Apt. 297 West Cathymouth TX 77338-6038
586,gfisher@gmail.com,Jeffrey Wilson,USNV Morales FPO AA 92372
587,vberry@hotmail.com,Andrea Acosta,2890 Davis Mills Apt. 649 Zacharychester SD 59139-8566
588,tracey46@barnes.com,Mr. Paul Sutton,158 Derek Brooks Suite 260 Russellland CA 21292-5276
589,iballard@hotmail.com,Megan Lopez,47031 Stokes Ferry Cynthiatown IN 66702-9812
590,dawn89@stewart.org,Lisa Olson,416 Connor Corner Schmidtview AL 27305
591,scott27@stanley.com,Ryan Williams,3724 Nelson Valleys Suite 389 Port Sarahburgh HI 65432-2055
592,moorejessica@hotmail.com,Mitchell Williams,744 Hardin Divide Lake Audreyberg DE 27702
593,umcguire@yahoo.com,David Parker,6036 Snyder Corner Chelseyhaven FL 95756
594,ahill@adams-smith.org,Jacqueline Wallace,924 Danielle Squares Apt. 343 Bullockton NE 91212
595,fordzachary@rodriguez.biz,Kristina Obrien,44525 Caitlin Mount Apt. 142 Port Nathanielstad GA 68558-7194
596,jmiller@love.net,Nichole Wood,8985 Lowe Turnpike Suite 587 Port Jessicashire TX 97249-5033
597,adammatthews@hotmail.com,Christina Adams,12100 Cindy Rapid Suite 051 Kellyville TN 89642-9324
598,perezmarie@hotmail.com,Vanessa Garcia,778 David Mount Suite 954 Harveyview WY 20457-9484
599,bobbymiller@white.com,Jessica Hernandez,64024 Bryan Union Port Davidhaven WV 68136
600,jeffrey07@baker.com,Mark Johnson,097 Clark Burgs Apt. 148 Hunttown HI 61435-6238
601,christophermoore@williams-hardy.com,Darren Lewis,5067 Emma Mall East Heather NH 16202-1128
602,normanamy@yahoo.com,Wendy Hoffman,854 Henry Summit Suite 293 Jonesmouth VT 57494
603,david74@garcia.com,Melanie Miller,953 Young Summit Suite 623 Jamesmouth MH 64253-3615
604,adamsjeffrey@clark.com,Kathryn Ford,618 Bailey Trail Lake Emily NM 53673
605,nicholaswatson@mcclure-hunter.com,Daniel Wilson,985 Matthew Heights Suite 490 North Kimberlymouth WY 85277-6558
606,matthewsparks@gmail.com,Kenneth Long,970 Laura Villages Suite 038 Hooperview PW 13214-4750
607,robertyork@gmail.com,Cheryl Wang,PSC 8404 Box 1687 APO AE 33698-4644
608,abutler@yahoo.com,Sara Richards,87336 Mckee Village Hughesbury AL 11378
609,michaela26@hotmail.com,Joshua Thomas,8023 Matthew Glen Apt. 464 Heatherport PW 02134-7838
610,carriebonilla@reed.com,Cindy Thomas,8563 Tracy Fields Suite 627 West Andrewton UT 33600-3406
611,ameyer@morris-taylor.com,Jason Duarte,4472 David Turnpike Suite 857 Wyattmouth OH 88950-1739
612,tiffanybrady@hotmail.com,Mark Ayers,97947 Jessica Green Suite 737 Dudleybury WA 62408-2946
613,gmills@gmail.com,John Gonzalez,31436 Flores Pass Apt. 255 Lake Jasmine WY 69518
614,robert07@hotmail.com,Jill Harris,2808 Moran Islands Suite 304 Jomouth WV 89469-9153
615,murphycynthia@gmail.com,Alicia Smith,3766 Kristy Pike Lake Tamara DE 54314
616,iwilliams@gmail.com,Jill Robinson,Unit 8163 Box 2633 DPO AP 69888-9830
617,pmendoza@yahoo.com,Robin Allen,2075 Linda Locks Apt. 158 Lake Rebecca AR 78351
618,drodriguez@little.com,Derrick Hood,433 Chris Fords Lake Natalie IN 01578
619,orodriguez@gmail.com,Juan Parker,5379 Marshall Roads Apt. 008 New Shellyview WY 29875
620,jeffery90@hunt.com,Austin Mccoy,4423 Jonathan Walks Apt. 459 West Kelly NE 87717
621,thompsonstacy@white.net,Brian Holmes,96621 Roach Run Alexanderland IL 63319
622,rebecca74@taylor.com,Richard Barnes,737 Williamson Fields Port Suzanne NH 53193
623,courtney51@robinson-davis.net,Johnny Roberts,12904 Elijah Rue Calebborough NJ 57894-9873
624,tashajames@hotmail.com,Jon Lopez,56627 Horne Cove Apt. 855 West Nathanhaven ID 03743
625,curtisdavis@benson.biz,Brendan Erickson,6759 Warren Bridge Apt. 721 New Philipshire MP 56374-6371
626,lindamiller@hotmail.com,Ronald Contreras,071 Lisa Rapids North Jameschester MH 48363-0947
627,dscott@hotmail.com,Nathan Duncan,Unit 1494 Box 4324 DPO AP 53990-4156
628,johnkelly@garrett.biz,Andrew Thomas,470 Shah Pine Apt. 703 Lake Zacharystad PR 71507-2000
629,michelleburns@palmer.net,Angelica Carey,421 Joyce Curve Suite 305 Port Jody HI 94594
630,dpark@morris.com,Scott Ward,831 Samuel Skyway Youngburgh HI 06085-2126
631,chelseagonzalez@smith.biz,Jennifer Franklin,2051 Brenda Light Kristenbury CT 83672
632,haysvictor@yahoo.com,Rachel Smith,933 Zachary Estates Suite 519 Williamsfurt TX 09692-3702
633,howellnicholas@oliver-campos.com,James Stephens,638 Mario Harbor South Kimberly AR 33681
634,carneycharles@hotmail.com,Mr. Michael Barry,896 Hughes Glens Suite 731 West Virginia PW 54746-7272
635,samanthamitchell@hotmail.com,Luis Lyons,295 Arnold Crest Apt. 339 Rodriguezstad OH 14746
636,david25@morales.com,Brandon Brown,53523 Mckenzie Brooks Apt. 371 Marktown GU 08681-1292
637,mary67@hill-higgins.com,Cristian Baxter,9100 Lane Falls Suite 480 Hillton MP 81581-3214
638,balldanielle@williamson-estrada.com,David Perez,70593 Arroyo Parkways Apt. 270 North Gerald OK 66407
639,yvonnesmith@yahoo.com,Kyle Rivera,3513 Ann View Apt. 005 South Charlesland WY 20604
640,sarabaker@berry.info,Anthony Rogers,5896 Thomas Cliffs Lake Tiffany NY 59842-7508
641,spark@gmail.com,David Campbell,5579 Knapp Dale Port Miguelview NC 07852
642,fdixon@hotmail.com,Jennifer Bean,666 Samantha Station Suite 451 New Staceyhaven VT 74112
643,christophershaw@hotmail.com,David Clark,44234 Lynch Cliff Apt. 663 South Jacobside KS 93277
644,xparker@hotmail.com,Jean Mcbride,9920 Ortiz Mountains Suite 310 North Michaelchester WI 21733
645,onealkimberly@gmail.com,Douglas Robinson,83255 William Burg Suite 882 Rodriguezchester IN 13966
646,randallchapman@hotmail.com,Samantha Griffin,USNS Smith FPO AA 40551-4458
647,johnsonlisa@yahoo.com,William Bowen,58389 Blackwell Extensions Suite 119 North Nicholas SD 57319-0566
648,vmelendez@yahoo.com,Dustin Bennett,Unit 5944 Box 8946 DPO AE 19231-8571
649,katiecarroll@hotmail.com,Richard Osborn,63948 Chase Turnpike Jesushaven MD 30960-0764
650,isaac95@torres.org,Nathaniel Green,68383 Heather Wall Lake Lucasberg WA 86294
651,padillaemily@norris.com,Cynthia Smith,1969 Bishop Plains Suite 669 Burgessfort OR 11564-2802
652,stephanieeaton@fuller-davis.com,Samantha Liu,88946 Mary Dale Williamsfort NM 94146-9215
653,michael61@sharp-bryant.biz,Evan Diaz,USNS Lewis FPO AP 18170-7044
654,millerandrea@gmail.com,Eduardo Jones,165 Jason Summit Hurleyburgh LA 13627-4210
655,andersonjay@bautista.net,Nicole Scott,3123 Kristin Wells Suite 240 East Christophershire NC 99284
656,ybrooks@gmail.com,Mary Proctor,466 Hawkins Plains Suite 016 Berrychester ID 63357
657,ynunez@jones.info,Wendy Olson,424 Mitchell Walk Apt. 132 Saraborough SC 49956
658,johnsonjohn@hotmail.com,Wesley Fleming,578 Smith Corners Suite 491 East Stephenshire ID 44781-0979
659,susanlewis@morrow-hester.com,Nicole Boyle,376 Tracey Station Apt. 119 New Eduardo FL 49600-6872
660,tylerburke@ramirez.com,Seth Phelps,9258 Potts Ridge Suite 443 Jennifermouth PW 18883
661,stephaniestevens@davis.org,David Obrien,8953 Delacruz Pike Apt. 489 Ernestfurt GU 59107-4676
662,johnsongregory@yahoo.com,Larry Poole,976 Carol Island Donnaview HI 71635
663,preynolds@todd-sanchez.biz,Miss Dawn Green,Unit 9565 Box 2014 DPO AP 75967-6397
664,zmorgan@gmail.com,Nicole Dennis MD,52540 Clark Skyway Suite 022 Curtiston MO 51911
665,sara91@yahoo.com,Rachel Clark,553 Francis Hills Apt. 721 Sandovalborough IN 21365-2675
666,qmurillo@hotmail.com,Patrick Williams,42530 Richardson Flats Heathermouth GA 71860
667,ynichols@yahoo.com,Misty Harrington,PSC 5027 Box 2928 APO AE 62610-9541
668,angela68@yahoo.com,Robert Peterson,822 Karen Square Apt. 375 Kerrland OK 32648-0788
669,hubernicole@gmail.com,Sandra Strong,54275 Stein Way Suite 815 East Rachel WV 37551-4126
670,fgamble@thomas.com,David Morris,66792 Harrison Courts Suite 386 Port Johnberg LA 57819-0939
671,dustin81@hotmail.com,Bradley Phillips,8014 Michael Trace Smithfurt DC 74497
672,kparker@clark.com,Jacqueline Mcgrath,84669 Molly Lane Apt. 819 Port Amanda NC 81294-1115
673,yorklisa@hotmail.com,Jacob Jordan,Unit 8750 Box 2773 DPO AA 13180-1879
674,christopher26@myers.org,Rachel Anderson,75671 Katie Keys Port Jeanneburgh FL 93497
675,xnorris@smith-olson.com,Catherine Howard,18318 Theresa Lights Brentshire VT 33314-8599
676,acarter@gmail.com,Joshua Owens,192 David Track New Timothyshire FM 75338
677,angelamoore@yahoo.com,Brittney Landry,65898 Bobby Street Suite 927 Frankstad OK 91833
678,yjones@bishop-hopkins.com,Mark Baker,747 Donna Spring Jessicahaven VA 46187
679,kariberry@yahoo.com,Nicole Stewart,USNV Morales FPO AA 67958-3440
680,keithchurch@hotmail.com,Crystal Lambert,13581 Ryan Parkways Apt. 261 East Robert MH 59784
681,summersholly@flynn.biz,Robert Brown,6976 Kerr Lock Apt. 117 West Zacharyfort DE 76125-1800
682,jcoffey@yahoo.com,Kristen Ford,147 Kristin Parkways Apt. 436 Sosaberg NC 56806-9296
683,michael30@gmail.com,Troy Duncan MD,6481 Christopher Squares West Jasonshire MP 31209-2133
684,dbailey@hotmail.com,Andrew Lopez,7520 Lewis Alley Apt. 555 Lake John KY 76849
685,darren40@gutierrez-malone.com,Patrick Payne,557 Tracey Pines Shawnfort ME 23788
686,martha55@hotmail.com,Elizabeth Conley,0107 Hubbard Harbor Matthewhaven AK 81173-7043
687,vanessapayne@little-english.com,Larry Christensen,95993 Eric Rapids Suite 127 Lake Joeshire GA 00889-7141
688,tmcdonald@rodriguez-guerrero.com,Sarah Parker,68363 Natasha Heights Suite 432 Port Johnny NV 76947
689,matthewmay@coleman.com,Lisa Moore,Unit 7852 Box 2717 DPO AE 16625-0657
690,fcruz@hotmail.com,Jordan Clark,41058 Harmon Crest Douglasbury AZ 48786
691,dwhite@gmail.com,Colton Gonzales,986 Callahan Flats Patriciamouth PW 34727-2591
692,connornicholson@young.com,Amanda Roberts,516 Samuel Place Suite 820 Lake Tracy ID 97993
693,stevenchan@hotmail.com,Angela Smith,84979 Everett Meadow Apt. 874 Deleonton IL 67173
694,jasonrichards@hotmail.com,David Livingston,926 Adrienne Plain Brownberg DC 28027-0103
695,reginaldsummers@yahoo.com,Adam Collins,128 Marshall Isle Suite 918 East Aaronmouth CA 89792-5267
696,cochranphillip@pratt.info,Nicholas Gardner,792 Vaughan Gardens Apt. 534 Adamsville CO 84640-7067
697,phillipsnancy@garza-rice.org,Brian Johnson,PSC 5273 Box 1860 APO AE 66422
698,benjamin16@james.com,Nancy Snyder,542 Wolf Shore Lake Heathermouth TX 66872-7821
699,kristenstein@hotmail.com,Lisa Miller,03049 Matthew Crest Ryanfurt UT 40456
700,pgregory@yahoo.com,Megan Robinson,3859 Kathryn Lights Apt. 335 Scottfort LA 17356
701,larrybrock@gmail.com,Courtney Williams,2500 Gibbs Court Juliebury FM 12332
702,mcintoshmichelle@mcmillan.com,Victoria Washington,372 Frank Motorway Suite 489 New Jenniferton MT 03665
703,qrodriguez@hotmail.com,Daniel Sherman,050 Casey Plaza West Austin GU 53879
704,williamwilliams@smith.com,Laurie Livingston,983 Michael Highway Suite 794 North Stacyton VA 67858-3919
705,iwoods@gmail.com,Maria Smith,0699 Ricky Station Lake Markburgh CA 31147
706,matthew15@yahoo.com,Shelby Williams,4952 Howard Mount Kylefurt MP 40200
707,xnichols@ortiz.net,Jessica Clements,211 Davis Cliffs Apt. 112 South Mindy MN 38356-0849
708,dfernandez@grant.com,Andrew Miller,742 Olson Bridge Apt. 443 Jasonshire CA 35739
709,melissastevens@perez.biz,Tracy Francis,41812 William Prairie Murphymouth KY 58479-7169
710,ushepard@yahoo.com,Joseph Williams PhD,27516 Caitlin Rapid Carrchester FL 16597
711,josephjohnson@hotmail.com,Amy Rojas,17576 Angel Crossing East Daniel HI 93167-7082
712,linda49@schneider.net,Jon Marquez,3986 Jessica Harbor Rodneyhaven ID 76301-2841
713,barnettjoshua@yahoo.com,Amy Murillo DDS,2484 Elizabeth Walk Suite 434 Port Brianfort FL 95195-2114
714,rnichols@smith.com,Brittany Coleman,79326 Brooks Way Kathyview OH 69227
715,mperkins@hotmail.com,Thomas Browning,2751 Smith Road Patriciamouth WV 88737-3207
716,ashleylee@lutz-garza.com,Caitlin Kramer,821 Amanda Rest Meganburgh TN 70995
717,rpetersen@yahoo.com,John Compton,7989 Jeremy Road New Emmaside UT 53668
718,johnkrueger@yahoo.com,Christopher Ford,05220 Pacheco Radial Apt. 386 Johnhaven ND 70018-8567
719,marc08@elliott.biz,Glenn Roach,USCGC Williams FPO AE 50183-2458
720,delgadologan@yahoo.com,Colleen Carpenter,Unit 3634 Box 2465 DPO AP 75941-0508
721,courtney77@wright-morrison.biz,Adam Davenport,20863 Elizabeth Lock Bryanport GU 35580
722,brandon82@gmail.com,Jeremy Graham,Unit 1034 Box 5343 DPO AE 79185-9390
723,vsmith@burns.info,Corey York,510 Shane Union Chapmanton WY 98871
724,nicholasdavidson@gmail.com,Adam West,USCGC Kerr FPO AE 46255-1968
725,istanley@rios-bell.biz,Bobby Burns,5699 Gary Fort Suite 437 Courtneyburgh ND 62525-3870
726,xprice@jordan-cruz.com,Vanessa Murphy,46829 Rivera Streets Erikaville OH 36189
727,kelseymassey@harris.com,David Martin,6960 Owens Wells West Rebeccamouth MA 64594-3304
728,umendez@jones.com,Timothy Zamora,866 Caitlin Orchard Michaeltown IA 82992
729,kayla17@yahoo.com,Karla Reyes,745 Kendra Haven Mannville MH 48279-7485
730,sjames@hotmail.com,Charles Nelson,98500 John Shores Suite 435 New Angelatown NV 00469
731,lauriebrown@strickland-santiago.com,Howard Smith,3259 Howard Road Apt. 323 East Ruben NE 58201
732,nathan79@henderson-henry.info,Sharon Lopez,23902 Brown Groves Apt. 377 Port Brandistad GA 66366
733,paulcochran@hotmail.com,Aimee Valenzuela,845 Donna Creek Apt. 042 Hernandezhaven MI 72174-4140
734,frytracie@yahoo.com,Sarah Sampson,164 Ramsey Cliff Suite 718 Port Traceystad LA 96273-1455
735,melendezvanessa@hotmail.com,Mr. Robert Wallace II,753 Thompson Bridge Apt. 955 Roberthaven MO 77780-4417
736,jacquelinewarren@yahoo.com,Nancy Henderson,90198 Dawn Falls Hessfort NH 11967-4658
737,obryant@jensen.net,Joel Simmons,USNS Rios FPO AA 05497-1952
738,amyhernandez@aguilar.info,Eric Bradley,57561 Gardner Square Suite 189 Cassandraview NY 28191-8653
739,melissawilliamson@jones.com,Shannon Ramirez,035 Michael Shores Apt. 105 New Alexander CA 91119-2686
740,nharrison@webb.com,Mary Williams,3240 Mason Parkways Apt. 590 West Bradley WI 16925-7440
741,josephweber@lamb-faulkner.com,Keith Maddox,USCGC Brown FPO AP 08620
742,hstanley@hotmail.com,Edgar Fischer,84585 Howe Grove North Richardfurt MP 84957
743,gwebb@tate.biz,Samuel Stevens,41207 Wise Hill Suite 062 West Brittany DE 56782-6709
744,stephaniebaker@roberts.com,James Bennett,PSC 9221 Box 6542 APO AP 77508-0083
745,douglaswoodward@gmail.com,Christopher Nguyen,765 Michele Wall North Chelseaport DE 15878-5140
746,angelaharvey@villanueva-munoz.info,Anthony Davis,6505 Lee Walk Apt. 124 West Zacharyfort MT 48829
747,amandadavis@yahoo.com,Robert Cantrell,4573 Joseph Passage Apt. 913 Millerville VA 99992-5877
748,gabriela28@hotmail.com,Mary Johnson,150 Sarah Mews Mcculloughchester CT 10283-1210
749,spencelaura@hotmail.com,Kendra Fields,23217 Ibarra Village Mauricetown OH 53088
750,mollyharvey@hotmail.com,Tina Miller,USNS Delgado FPO AE 29270-4373
751,marypierce@mendez.org,Latoya Lee,20670 Hunter Junction East Kimberlyview GA 34521-1962
752,hamptonmichele@weaver.com,Angela Robertson,386 Ashley Valley Apt. 031 South Patricia SC 82459-8201
753,xlopez@yahoo.com,Karina Deleon,004 Nunez Branch Apt. 946 Thompsonport RI 05076-5102
754,jsimmons@bradley.biz,Tammy Rios,0182 Richard Extension Port Marissa FM 11869
755,yhunter@choi.com,Stephanie Johnson,57903 Matthew Ports New Alicia VA 32439-6464
756,bryantran@gonzalez.com,Amanda Gonzales,2829 Paul Canyon Suite 243 Rebeccaton VI 10645
757,relliott@gill-james.com,James Rodriguez,80317 Jackson Field Suite 351 Sullivanshire MD 57457-6363
758,sarah91@vaughan-carrillo.com,Justin Davis,684 Marie Street Suite 164 Michaelborough NC 43008-7967
759,samuel40@yahoo.com,Travis Rogers,241 Stanton Courts Victoriaborough AS 74090-7664
760,hallbrett@evans.com,Debra Johnson,133 Sarah Isle Suite 748 East Amandaburgh IN 23945-7805
761,grahamsamantha@king-white.org,Christina Church,98348 Wright Ports West Stephenmouth IN 72224-3297
762,maryblack@yahoo.com,Sherri Gonzalez,833 Harvey Well Suite 477 North Diana PA 18268
763,nataliecosta@hotmail.com,Theresa Wyatt,712 Hill Tunnel Apt. 449 Julieton AZ 61329-7606
764,thomas11@hotmail.com,Melissa Forbes,071 Erica Islands Apt. 637 South Richard NV 88453-1457
765,julie05@peterson.net,Brandon Bailey,72430 Kaylee Squares New Whitneyville WA 43482
766,cohenthomas@yahoo.com,Kimberly Barrett,Unit 3099 Box 8283 DPO AP 62138
767,lisamendoza@gmail.com,Matthew Stephenson,243 Alyssa Mountains Suite 529 Port John AK 92252-1755
768,gsanford@hotmail.com,Anthony Hernandez,6634 Morrow Ridge Suite 742 Erichaven AZ 64491
769,connorclark@morales.com,Tina Hull,994 Mccormick Bypass Suite 977 Robertborough ME 06006
770,tyler11@yahoo.com,Robin Young,Unit 0333 Box 0838 DPO AE 47168-4888
771,jaredosborn@mills.com,Wayne Adams,685 Jonathan Ville Apt. 892 Brittanyburgh ME 27339
772,charlesjacobs@hotmail.com,Clayton Holland,02149 Bennett Fords Apt. 245 Williamschester VT 92677
773,gevans@cruz.info,Kerry Miller,962 Katie River Suite 088 South Stanley NH 44032-8979
774,cameron14@torres.info,Natasha Castro,0038 Vega Way Suite 695 Lake Thomashaven NV 44736-3151
775,carriegates@hotmail.com,Chloe Clayton,239 Smith Underpass Corybury MI 40144-0517
776,michelleherrera@hotmail.com,Shari Greene,015 Manning Corner Apt. 327 Port Katrinamouth NC 85050
777,joseph48@gmail.com,Cindy Sanchez,076 Wheeler Plaza Racheltown NC 85905-0398
778,icross@hotmail.com,Marcus Jones,787 Scott Curve Suite 636 South Richard KY 40854-3307
779,kmann@berry.org,Katie Rodriguez,991 Kyle Radial Apt. 917 West Jessica OR 17210-8480
780,wbell@fletcher.com,Jennifer Wu,235 Daniel Road Suite 319 North Angelaside WA 85240-4918
781,andrew37@gmail.com,Michelle Hardy,PSC 9484 Box 1050 APO AP 86109
782,larryshort@morgan.org,Nicholas Rose,44915 Willis Heights Anthonystad IN 98214-2945
783,ashleysimpson@anderson-campbell.com,James Riddle,PSC 2109 Box 5099 APO AE 70076-8681
784,matthew17@richards.biz,Deborah Davis,026 Daniel Underpass Suite 835 Port Edwardport CO 00702
785,michelleperry@gmail.com,Alyssa Hill,2613 Estes Rapid Suite 518 West Angelica MI 99314-2770
786,ivaughn@hotmail.com,Angela Conrad MD,104 Foster Prairie Apt. 435 South Christian WI 17793-5385
787,brownjoseph@fowler-lewis.com,Amy Garcia,070 Carrie Pine Suite 775 Sandersmouth TX 78921-5976
788,weekserika@terry-taylor.net,Kevin Bryant,288 Parsons Lodge Suite 408 Shanemouth NH 24900-7669
789,heidirivas@hotmail.com,Cody Lambert,46070 John Glen Suite 086 New Samuel DE 93368-6099
790,brenda94@walker-morales.com,Amy Clark,316 Amanda Villages Suite 288 Schneiderside CA 44029
791,jefferyrichmond@hotmail.com,Melissa Garcia,456 Summer Club Suite 386 Emmabury WA 15322-2631
792,john98@yahoo.com,Kimberly White,033 Wilson Extensions Suite 964 New Brittany NH 45059-4983
793,ohines@herman-kim.com,Matthew Figueroa,498 Johnson Drives Apt. 368 New Christinefort IA 36431-1713
794,ortizjulia@hotmail.com,Daniel Ross,0992 Elizabeth Stream Suite 172 South Kimberlyview PW 67556-8586
795,johnsonmary@church-salazar.com,Jamie Moran,Unit 1902 Box 0371 DPO AA 23127-9891
796,james72@cannon-sims.com,Pamela Kline,8266 Ashley Curve Mitchellberg GA 48682-5343
797,duncanshelby@fowler.com,Kelly Nguyen,20761 Murphy Mall North Kimborough IL 49225-3964
798,oibarra@bernard.org,Alexis Fox,0947 Andrea Groves Jonesfort MP 38680
799,robertmcdowell@ward.com,Mr. Luis Long MD,0266 Scott Corner Apt. 301 New Sethborough CT 17555-1545
800,mariarandolph@gmail.com,Randy Wilkerson,19374 Benjamin Trail Jamesbury NJ 06901-6643
801,jessicawells@warren.com,Michele Moody,15247 Wilson Junction Suite 540 East Johnmouth AK 42048
802,ulee@gmail.com,Christopher Ware,922 Wolfe Parks Suite 216 Jerrychester WV 05280
803,brianna55@hotmail.com,Rachel Wall,56022 Butler Via Kaylashire TX 52544
804,ortegaderrick@gmail.com,Ann Guerrero,7628 Smith Lodge Suite 711 New Brandon LA 51146
805,srodriguez@horton.com,Daniel Powell,66470 Amy Green Port Lawrencefort ID 64456-4130
806,cherryelizabeth@larsen-west.com,Rachel Rivas,93006 Massey Circles South Nicholasshire KY 28429-7227
807,maria32@hester.com,Alicia Delacruz,37163 Smith Highway Port Jonathon OK 37390
808,reynoldsshawn@harrison.info,Megan Martin,252 Lamb Way Suite 673 West Michaelland DE 13671
809,ohunt@craig-garcia.com,Samantha Jones,01922 Little Shore Christensenville TX 68709
810,danielthomas@gmail.com,Connor Walker,66970 Kristin Coves Suite 367 West Charles ID 67218-3308
811,pattersonjason@hotmail.com,Ashley White,0143 Warner Glens Apt. 192 North Jordanshire NH 82608-6941
812,lisamorrison@martinez.org,Gina Scott,677 Jonathan Forge Apt. 716 South Aaronhaven MA 58099-6483
813,pjones@lucas.com,Daniel Jones,68512 Devin Causeway Port Stanley AK 55802
814,tinalewis@stone-day.com,Ryan Garcia,9241 Victor Corner Nelsonbury MP 17962
815,sheila43@johnson.org,Mia Dunn MD,76435 Santiago Cove Suite 755 Jeanborough WA 77832
816,zwagner@hawkins.com,Grant Holt,1387 Harvey Gardens Port Jessicachester FL 48224
817,wesley87@lopez-stevens.com,Brittany Baker,67729 Allison Neck Suite 953 South Loriside NY 73514-9932
818,matthewsimmons@hotmail.com,Joseph Patterson,020 Larson Crossroad East Tamara IN 69207
819,justindavis@romero.com,Mary Dunn,0163 Smith Port Apt. 429 Oconnorville PA 66796
820,ydominguez@hotmail.com,Dr. Johnny Ho MD,02638 Boyle Unions Port Jeremyberg GU 09995-9674
821,floydapril@edwards.com,Jimmy Manning,USCGC Strickland FPO AA 29528-1017
822,bphillips@smith-guzman.com,Catherine Rogers,419 Samuel Manors Thomashaven MT 21202
823,robert42@parker.com,Cheryl Norris,74457 Michael Wells Port Haileytown NY 44949-1584
824,lawsonsamuel@owens.net,Charles Turner,88649 Bethany Brooks Suite 875 North John UT 56646-0348
825,joshuathomas@yahoo.com,Richard Webb,25854 Jimenez Station Lake Alanhaven MD 24674-3382
826,stephanieallen@hotmail.com,Michele Holden,07956 Johnson Greens Suite 931 Burnettmouth AR 91494-3552
827,timothy79@davis-garza.org,Jacob Moss,5432 Grant Shoals Roachborough FL 86275
828,christopher62@hotmail.com,Tammy Gonzales,6422 Sarah Gardens Apt. 673 South Thomas TX 40599
829,colecarol@yahoo.com,Joshua Harris,0508 Gibson Drive North Shawn AS 75364-5521
830,markblackwell@yahoo.com,Angela Kelly,91078 Berger Union Danielhaven IL 05732-1942
831,josephvazquez@williamson.com,Peggy Allen,667 Lane Radial Nicholasbury CO 26712
832,villanuevaolivia@chung.com,Janet Proctor,9683 Garcia Wells Apt. 764 West Aaron TN 42805-9359
833,joseph30@martinez.com,Victoria Ellis,676 Howard Isle Suite 732 East Kelli TN 01255
834,ahouston@melton.info,Logan Edwards,232 Bright Forest Amymouth IN 04581-8952
835,samantha87@johnson-bird.info,Joseph Campos,5774 Ramsey Views Dillonchester VA 68326-1088
836,brandonnewton@gmail.com,Elizabeth Ford,97902 Vega Village Suite 961 South Todd MH 34958
837,joseph83@hotmail.com,Jennifer Pena,542 Murray Stravenue West Helenbury OR 60332-9406
838,michelle79@contreras-morse.com,Diane Smith DDS,2097 Joshua Stravenue Kristenshire ND 13063
839,noahreilly@yahoo.com,Martin Mata,1879 Randall Forest Apt. 918 Oliverside NY 49191-8892
840,danielcrane@mack.com,Dylan Huang DDS,80001 Michele Village Bryanton NM 57881-5595
841,zchristensen@hines-allen.com,Victoria Rodriguez,39571 Brittany Club West Jacobburgh AR 30885
842,williamsalex@may.com,Rachel Ortega,10287 Melton Locks South Frank VT 41400-1499
843,cervantesjonathan@silva.biz,Shawn Crawford,2975 Dixon Canyon East Jenniferview WY 46966
844,jrobinson@mann-miller.com,Robert Phelps,863 John Dam Martinezhaven PA 02509-3392
845,dillonlauren@lopez.info,Dawn Gonzalez,461 Bowman Lane Johnshire MN 86581
846,brookevargas@hotmail.com,Kristen Hunt,776 Burns Corner Apt. 309 West Georgebury PR 57344
847,camposjesse@yahoo.com,Jennifer Greene,570 Jeffrey Walk Apt. 045 New Frances IA 37215-7153
848,joseph00@wong-steele.com,Jared Jimenez,38785 Sabrina Via Suite 583 Alejandroburgh AL 36250-4751
849,trevor67@clark.com,Jacqueline Carter,1744 James Gateway Lake Christopher LA 69813
850,lonniegonzalez@todd-nguyen.com,Tom Palmer,9556 Ralph Creek Suite 767 Chavezland AL 60556-4914
851,stanleyjohnny@hotmail.com,Jason Kent,6898 Guerrero Dale Suite 127 Julieland NH 17755
852,barbaragibson@cruz.com,Darrell Decker,7155 Jared Spurs Lake Kennethborough TN 30504-5165
853,bryantjenna@briggs.com,Stephanie Carlson DDS,90541 Raymond Terrace Timothystad MP 31622
854,susan67@hotmail.com,Nicholas Cunningham,892 Valerie Crossing Apt. 062 Beckyport AR 69131-0942
855,ssmith@hotmail.com,Bryan Ramirez,613 Arnold Key Suite 258 New Davidfort HI 00013-4040
856,luisharmon@tate-walker.com,Julie May,13552 Alex Club Apt. 685 South Brandon AK 21312-7455
857,aaronevans@white.info,Eugene Holder,94252 Collins Way Johnathanborough IN 44332
858,paul99@gmail.com,Timothy Morris,PSC 2283 Box 5401 APO AA 96674-0412
859,tlyons@hotmail.com,Michael Nelson,047 Anderson Rue Apt. 671 West Michaelport PA 43365-3830
860,benderadam@levy-allen.com,Kimberly Miller,46449 Parks Estates North Caitlin ND 86681
861,ladams@ewing.net,Alicia Chambers,Unit 9447 Box 6460 DPO AE 12673-1482
862,brandonlamb@harrison.com,Daniel Kramer,248 Shah Meadows West Dana IL 02055-1355
863,allisonfischer@villarreal.com,David Burns,96534 Donna Landing Suite 117 South Sara FM 91415
864,kanderson@cruz.org,Matthew Armstrong,981 Nicholas Inlet Port Tylerstad MN 76296-7210
865,davidjones@combs.com,Andrew Ortiz,7100 Justin Lake Suite 427 North Christine WY 57234-7612
866,gonzalesjeffrey@harper-davis.com,Jack Moore,4932 Jones Ferry Apt. 784 East Kathleenshire UT 02039-6815
867,sharonmartin@gutierrez-hall.com,James Ford,0835 Winters Valley Suite 679 Danielstad DE 42042-4142
868,mproctor@hoover-miller.com,Megan Reid,99595 Wayne Loaf West Cindy MD 76014
869,william14@wallace.com,Gabriela Stone,93319 Peters Extension Apt. 078 Westburgh PW 21155-6602
870,kimmurphy@shaw.com,Ricky Patterson,67716 Johnson Shoal Apt. 250 Christinaborough IN 28156-4740
871,mpierce@hotmail.com,Ashley Farley,3585 Nancy Rest Apt. 545 Jessefurt AS 72106-8715
872,webbautumn@yahoo.com,Brenda Thompson,1251 Samantha Junctions Apt. 869 Brightland ME 90152
873,sunderwood@evans.biz,Heather Morrison,64358 Marvin Corner Lake Donaldborough GA 86466
874,brian64@yahoo.com,Katelyn Blanchard,1154 Gregory Cliffs New Mikaylaberg DC 15192
875,hansenheidi@daniel.com,Jeanne Simpson,26295 Oliver Viaduct Apt. 397 Youngfort ND 72581-2607
876,michaelmiller@liu.com,Courtney Cook,USCGC Green FPO AP 09465
877,ustanley@long.com,Johnny Gonzalez,7950 Emily Ferry Jenniferberg RI 69447-9648
878,peterscott@hotmail.com,Brent Ryan,51182 John Burg Suite 994 Spencerside NE 89966
879,davidcarrillo@hotmail.com,Troy Castro,84923 Montes Mall Millerville MI 64823
880,svaughn@hotmail.com,Brittany Mejia,18857 Jeremy Land Apt. 370 Juliamouth NH 02976
881,pwilliams@hotmail.com,Karen Rush,8966 Kyle Route Catherinefurt CT 27955-3802
882,blackgary@hotmail.com,Felicia Robles,PSC 4698 Box 0621 APO AE 17638-0610
883,denise96@hendricks-dodson.net,Michael Brown,49845 Walter Inlet Suite 996 Millershire WY 71409-0969
884,gwendolyn57@gmail.com,Debbie Holloway,66551 Michael Corners South Vickihaven PW 72827-0074
885,fernandocruz@gmail.com,Donald Henderson,79777 Newman Rest Richardchester TX 80896-8986
886,hamiltonjorge@johnson.com,Debbie Crawford,62687 Nichole Ford Apt. 874 Mendozaton IN 93414-8703
887,mkennedy@waters.com,Martin Johnson,3744 Santiago Path Suite 210 Lambertstad MT 75338-7382
888,diazlisa@golden-day.com,Anthony Burnett,46137 Joshua Village Apt. 525 Lake Jenniferfort WI 07027-7834
889,johnsonhannah@gmail.com,Douglas Duarte,3174 Smith Ports Suite 299 Carlosshire FM 37256
890,fadams@yahoo.com,Michael Cruz,244 Jason River Apt. 581 Lake Isabellaview VI 33356-5561
891,martinezanna@allen-carroll.com,Matthew Spencer,7029 Steven Rapids Smithshire NM 61411-7234
892,cookkathryn@white-middleton.com,Tyrone Smith,0810 Marshall Mountains Apt. 350 South Jonathanbury KY 87803
893,beverly95@gmail.com,Vickie Garza,557 Parker Mall Suite 182 Lewisberg MP 38196
894,medwards@martin.biz,Kerri Floyd,423 Webb Way Suite 344 Phillipsborough NJ 03748-9077
895,vegaanthony@holloway-brown.info,Anthony Long,3361 Ballard Gardens Port Richard SD 40228
896,sarahscott@gmail.com,Matthew Mcdaniel,69333 Nguyen Route Apt. 749 Cynthiashire MH 13926
897,justincolon@gmail.com,Joseph Clark,9937 Sarah Ranch Kerrymouth MT 23552-8349
898,collinsalex@rodriguez-smith.net,Benjamin Willis,203 Lisa Glens Apt. 400 Port Patriciamouth PA 45160-7536
899,petersonjordan@horne.com,Kathy Huang,55188 Allison Avenue Port Travis NC 18870
900,ocompton@curry.com,Jacqueline Roach,69890 Kimberly Trail West Jasmine KS 63212-5231
901,adam26@lee-thomas.com,Shawn Mitchell,5915 Bryan Route Graveschester GA 49554
902,jnelson@yahoo.com,Kathryn Horton,38392 Navarro Locks East Diane MH 29245
903,charles45@davis.org,Christine Sanders,9364 Richardson Harbors Apt. 197 New Emily WI 01514
904,wtorres@ortega-lam.biz,Michael Dyer,94389 Joseph Motorway Lisaberg KS 69648-6050
905,castillorhonda@yahoo.com,Gary Moore,1402 Samuel Forges Suite 063 Butlerton MS 70492-9844
906,rebeccaschaefer@hotmail.com,Charles Hudson,78452 Christina Burg Apt. 879 Smithton ID 91958-8461
907,paula35@yahoo.com,Matthew Weber,569 Walter Stravenue Apt. 561 Karenfurt CA 96877-9340
908,timothy57@gmail.com,Jennifer Rowe,952 Powell Estates Amberhaven VT 44072-2646
909,jeffreyford@gmail.com,James Griffith,PSC 1476 Box 3136 APO AP 55044-2892
910,brenda01@rivers.com,Cindy Richardson,699 Hernandez Cliffs Mitchellfurt OR 03240
911,nicholeparker@cooper-ramsey.org,William Smith,10854 Tyrone Land Lake Shannontown ND 85984
912,ylong@bowman-garcia.info,David Thomas,USNS Lara FPO AP 52978-5578
913,ywalsh@yahoo.com,Craig Boone,83624 Jennifer Mount Port Jacob VA 47514-2926
914,duane73@leonard.com,Katelyn Rodriguez,09889 James Viaduct Heatherhaven IN 71386
915,heather99@gmail.com,Rachel Savage,143 Danielle Ridge Evansstad IA 77050
916,salinascolin@johnson-diaz.org,Dean Contreras,0947 Rose Rue Heatherville NV 79063-6054
917,ksanchez@gmail.com,Benjamin Green,683 Kyle Street South Michelle CA 02378-4224
918,lisa75@burns-mitchell.biz,William Brown,28240 Kim Spring Apt. 752 Robinsonborough OK 34930-3085
919,teresacruz@porter.com,Amanda Hickman,7462 Pace Loaf Suite 855 Carlport CT 30592
920,ggarcia@robbins-chavez.com,Kerry Pollard,22741 Devin Oval Port Rachelland WA 68773
921,melissa92@ramos-peterson.info,Victor Harris,103 Regina Haven Suite 741 Anafort WI 31803-6005
922,littleadrian@bentley.com,Brandon Jones,83809 Wilkerson Courts Apt. 895 South Stephen PR 53450-4941
923,trowland@yahoo.com,Megan Garcia,01232 Rice Loaf Suite 705 New Davidport MT 21532-5518
924,oliveroscar@gmail.com,Crystal Jones,08366 Perry Mountain Suite 007 Deborahland IN 37692-1541
925,gallowaykristina@davis.biz,Mason Brown,044 James Cliffs Apt. 268 Millerchester CT 95132
926,andersonwendy@sanders.net,Linda Taylor,0142 Richard Pines Suite 180 North Alexandraville OK 56930-3542
927,tracyporter@medina.com,Andrew Sullivan,42118 Vargas Estate Apt. 356 Cabreraside UT 34956-0906
928,hcoleman@davis-jones.biz,Karen Tanner,256 William Grove Apt. 668 Josehaven MT 77590
929,courtney50@yahoo.com,Brandi Rivera,39917 Edwards Wall Suite 510 Kellyview MI 29108-3051
930,montesscott@tapia-nguyen.com,Sara Kelly,USS Reynolds FPO AE 02420-6673
931,fulleramy@hotmail.com,Gabriel Smith,397 Lam Burgs Suite 405 West Jonathan IL 66156-0416
932,ashleyhart@yahoo.com,Dr. James Santiago MD,249 Jarvis Point Port Reneeview TX 19671-8378
933,andersonjoyce@hotmail.com,Sarah Freeman,00152 Robinson Mews Suite 065 New Evelynberg NJ 99637-1872
934,jclark@gmail.com,Madison Ellis,208 Romero Gateway Suite 907 North Scott VI 28744
935,fmiller@gmail.com,Tina Dorsey,Unit 2219 Box 8109 DPO AA 30664-4915
936,sandrabecker@gmail.com,Joy Hubbard,741 Carl Terrace Suite 775 Adamsmouth OH 42418-9057
937,longlinda@hutchinson.info,David Neal,205 Stone Fords North Michelle TX 13083-7772
938,pjones@hotmail.com,Angela Camacho,5565 Kevin Hills Apt. 474 Jasonbury NM 71686-0473
939,joandavis@hotmail.com,Tracy Murray,3098 Anthony Stream New Maureenfurt OH 58107
940,urios@gmail.com,William Ray,36667 Taylor Pass Apt. 834 North Jasmine MN 85482-2662
941,tpatel@hotmail.com,Jose Montgomery,Unit 4438 Box 6555 DPO AA 35464
942,robinsoncheryl@gmail.com,Lindsey Davis,5443 Julia Gateway Suite 310 Seanville CT 93347
943,rogerschristopher@george-foster.com,Kristina Carney,3109 Steve Station Apt. 883 North Albertville AR 55340
944,edwardbonilla@hotmail.com,Tammy Norton,2450 Gregory Harbors Apt. 644 Briannaburgh AZ 90259-9088
945,jerry93@gmail.com,John Caldwell,Unit 4367 Box 1598 DPO AP 69009
946,webblaurie@yahoo.com,Isaac Carroll,USNV Rosales FPO AE 86111-7779
947,laurenpham@yahoo.com,Michael Johnson,85560 Weeks Gardens Apt. 943 Monicatown IA 32305-5528
948,swilliams@pearson.com,Michael Gonzalez,USNS Patterson FPO AE 12707-8257
949,angelicabates@gmail.com,Suzanne Nguyen,371 Dawn Garden Suite 189 Frederickburgh WI 24212
950,mackkyle@lester.org,Steve Holt,PSC 7003 Box 9733 APO AP 00268-1660
951,christopher69@white.org,Paul Griffin,48705 Mary Pines Lorimouth RI 30320
952,larry50@gmail.com,Bruce Williams,1762 Jenna Grove Quinnchester VI 74009
953,briancasey@patrick-hernandez.info,Nicole Bowen,USCGC Hayes FPO AE 53480-8428
954,kimberly26@hoover.com,Dana Archer,32202 White Alley East Michelle MI 95647
955,hhall@gmail.com,William Sloan,PSC 3588 Box 9221 APO AE 44366-3276
956,gpeck@foster.com,Adrian Ware,4438 Thompson Ports Lake Victor DC 26181
957,anita93@horton-pace.com,Jesse Wright,077 Joseph Port Martinezland PR 04560
958,daniel23@yahoo.com,Michelle Molina,0458 Tammy Groves Michaelfurt ID 06297-0359
959,wheelerjoe@fernandez.net,Angela Kirby,15346 Heather Light East Laura WY 86545
960,uvazquez@harrison.com,Robert Marsh,92625 Kelly Spur Apt. 345 Vanessaberg PR 76094
961,ashley79@yahoo.com,Chad Swanson,18335 Johnson Island New Monicabury NE 86692
962,elizabeth69@werner.com,Melanie Austin,1877 Melissa Overpass East Dominiqueburgh FL 04595
963,aaronhines@figueroa.biz,Rebecca Ruiz,63710 Victor Grove Randolphchester VA 51689-6218
964,bingram@davies.com,Edward Smith,258 Smith Path West Donna PR 48440-5647
965,thomasanderson@gmail.com,Michael Ashley,06921 Foster Loaf Suite 239 West Brandon MD 05670
966,loganmartinez@hopkins.info,Andrea Fletcher MD,391 Sweeney Trace Suite 224 Lake Darrellhaven UT 56605
967,brentdavis@gmail.com,Duane Burke,00095 Jennifer Squares Apt. 396 Lake Keith MS 18745
968,pmelendez@gmail.com,Ashley Chavez,24608 David Stravenue Suite 461 New Brenda AR 23648
969,jillian05@carter.com,Randy Ramirez,USS Jones FPO AP 23165
970,danielshelby@perkins.net,Michael Hopkins,PSC 4574 Box 0415 APO AE 68238-2731
971,kevin01@yahoo.com,Matthew White,64824 Brown Key Apt. 553 Leeborough PR 69662
972,browndavid@yahoo.com,Jamie Silva,Unit 2020 Box 9382 DPO AP 66718-8909
973,robinhendrix@hotmail.com,Robert Brown,683 Davis Mount Melissaborough SD 38956-2978
974,pgarza@robinson-odom.info,Troy Smith,03770 Christopher Hill Millerberg MD 08518
975,rebecca79@gmail.com,Thomas Moore,42214 Dana View New Charlesview AK 98206-4379
976,cassandra75@gmail.com,Jason Mcdowell,61866 Weaver Branch Anitafurt VT 84115-9641
977,stephen71@jennings.org,Curtis Salazar,2134 Ashley Place Apt. 546 Port Mark SC 33839-4976
978,bradsmith@brown.com,Rhonda Myers,48784 Harrington Crescent Suite 193 East Allison TN 71580-8277
979,smitchell@hotmail.com,John Norton,78228 Mccoy Terrace New Robinborough VT 45822
980,nmays@norton.com,Cheyenne Durham,175 Jackson Hill Apt. 307 Lake John WA 18317-1092
981,gutierrezwilliam@hotmail.com,Jason Smith,580 Joseph Springs Apt. 643 Richardview VT 03476
982,vgallegos@vincent.com,Jacob Thomas,0996 Campbell Fork New Andrew NY 62375-7722
983,hernandezgabriel@johns.com,Gabriel Huang,19832 Hawkins Squares Apt. 126 Port Jasonfurt ME 10230-0810
984,sarah32@cooper.info,Carlos Castaneda,1754 Cathy Common Suite 304 Robertstad WV 70843
985,lewismelanie@fischer.com,Tara Tucker,USNV Gallagher FPO AE 55005
986,watsonkevin@yahoo.com,Marilyn Blair,99422 Hernandez Vista Apt. 785 Brownburgh MS 04484-4656
987,joyce93@baker.com,Monica Mathews,120 Ramirez Station Suite 457 Greeneberg WI 36339
988,terri18@hotmail.com,Larry Mitchell,62322 Bradley Underpass Port Justinland AZ 74050-5639
989,janetwest@young.com,Alexis Orr,8307 Webster Dale Suite 340 South Brenda MO 65139
990,lisa40@nolan-lee.com,Stanley Stephenson,2052 Amy Passage Port Brendatown GU 08284
991,dgraham@hotmail.com,Seth Gilmore,082 Obrien Haven South Ashleyhaven FM 94036
992,dhale@reyes.com,Erin Campbell,948 Donald Springs Suite 810 New Russell DE 53674-0276
993,nicholas56@hotmail.com,Cody Lopez,8781 Samuel Turnpike West Lindaville KS 46281-4525
994,osexton@black.com,David Gray,431 Angela Mall Gilbertmouth VA 61771-6870
995,hernandezandre@yahoo.com,Sharon Smith,90263 Lane Isle Jennifermouth GA 36920-4556
996,michaelberg@wolfe.com,Robert White,8110 Audrey Drive Wrightstad NJ 32152
997,chelsearoberts@hotmail.com,David Khan,1422 Avery Walk North Thomas OR 05831
998,jasonowen@byrd-buchanan.org,Jason Johnson,838 Snyder Dam Apt. 997 Seanside PA 06957-6995
999,huynhjennifer@hotmail.com,Chelsea Hall,7855 Miller Vista Johnsonborough NY 70020